"","Competition_Name","Gender","Country","Season_End_Year","Round","Wk","Day","Date","Time","Home","HomeGoals","Home_xG","Away","AwayGoals","Away_xG","Attendance","Venue","Referee","Notes","MatchURL"
"1","La Liga","M","ESP",2023,NA,"1","Fri",2022-08-12,"21:00","Osasuna",2,1.5,"Sevilla",1,0.9,18536,"Estadio El Sadar","Carlos del Cerro",NA,"https://fbref.com/en/matches/1edcbf7a/Osasuna-Sevilla-August-12-2022-La-Liga"
"2","La Liga","M","ESP",2023,NA,"1","Sat",2022-08-13,"17:00","Celta Vigo",2,0.4,"Espanyol",2,1.1,13859,"Estadio de Balaídos","Miguel Ángel Ortiz Arias",NA,"https://fbref.com/en/matches/73b529f2/Celta-Vigo-Espanyol-August-13-2022-La-Liga"
"3","La Liga","M","ESP",2023,NA,"1","Sat",2022-08-13,"19:00","Valladolid",0,1,"Villarreal",3,1.5,17543,"Estadio Municipal José Zorrilla","Mario Melero",NA,"https://fbref.com/en/matches/be7e4222/Valladolid-Villarreal-August-13-2022-La-Liga"
"4","La Liga","M","ESP",2023,NA,"1","Sat",2022-08-13,"21:00","Barcelona",0,1.9,"Rayo Vallecano",0,0.5,81104,"Camp Nou","Alejandro Hernández",NA,"https://fbref.com/en/matches/cbe0a303/Barcelona-Rayo-Vallecano-August-13-2022-La-Liga"
"5","La Liga","M","ESP",2023,NA,"1","Sun",2022-08-14,"17:30","Cádiz",0,0.2,"Real Sociedad",1,1.7,16570,"Estadio Nuevo Mirandilla","Isidro Díaz de Mera",NA,"https://fbref.com/en/matches/7fbde755/Cadiz-Real-Sociedad-August-14-2022-La-Liga"
"6","La Liga","M","ESP",2023,NA,"1","Sun",2022-08-14,"19:30","Valencia",1,1.6,"Girona",0,0.1,39359,"Estadio de Mestalla","Jorge Figueroa",NA,"https://fbref.com/en/matches/aaab7ab9/Valencia-Girona-August-14-2022-La-Liga"
"7","La Liga","M","ESP",2023,NA,"1","Sun",2022-08-14,"22:00","Almería",1,0.7,"Real Madrid",2,2.1,14386,"Power Horse Stadium","Juan Martínez",NA,"https://fbref.com/en/matches/c1e42359/Almeria-Real-Madrid-August-14-2022-La-Liga"
"8","La Liga","M","ESP",2023,NA,"1","Mon",2022-08-15,"17:30","Athletic Club",0,1.6,"Mallorca",0,0.4,39747,"San Mamés","Javier Villanueva",NA,"https://fbref.com/en/matches/ab058eb9/Athletic-Club-Mallorca-August-15-2022-La-Liga"
"9","La Liga","M","ESP",2023,NA,"1","Mon",2022-08-15,"19:30","Getafe",0,0.7,"Atlético Madrid",3,1.2,12235,"Coliseum Alfonso Pérez","José Sánchez",NA,"https://fbref.com/en/matches/9993b01a/Getafe-Atletico-Madrid-August-15-2022-La-Liga"
"10","La Liga","M","ESP",2023,NA,"1","Mon",2022-08-15,"21:30","Betis",3,3.1,"Elche",0,0.4,50622,"Estadio Benito Villamarín","Guillermo Cuadra",NA,"https://fbref.com/en/matches/1f998adf/Real-Betis-Elche-August-15-2022-La-Liga"
"11","La Liga","M","ESP",2023,NA,"10","Tue",2022-10-18,"19:00","Sevilla",1,1.1,"Valencia",1,1.8,37353,"Estadio Ramón Sánchez Pizjuán","César Soto",NA,"https://fbref.com/en/matches/a3f2e116/Sevilla-Valencia-October-18-2022-La-Liga"
"12","La Liga","M","ESP",2023,NA,"10","Tue",2022-10-18,"20:00","Getafe",2,0.8,"Athletic Club",2,1,11395,"Coliseum Alfonso Pérez","José Luis Munuera",NA,"https://fbref.com/en/matches/8b08659c/Getafe-Athletic-Club-October-18-2022-La-Liga"
"13","La Liga","M","ESP",2023,NA,"10","Tue",2022-10-18,"21:00","Atlético Madrid",1,1.1,"Rayo Vallecano",1,1.8,46803,"Estadio Cívitas Metropolitano","Javier Villanueva",NA,"https://fbref.com/en/matches/99d51f3f/Atletico-Madrid-Rayo-Vallecano-October-18-2022-La-Liga"
"14","La Liga","M","ESP",2023,NA,"10","Wed",2022-10-19,"19:00","Cádiz",0,0.9,"Betis",0,0.9,18505,"Estadio Nuevo Mirandilla","Antonio Matéu Lahoz",NA,"https://fbref.com/en/matches/1a9c7a37/Cadiz-Real-Betis-October-19-2022-La-Liga"
"15","La Liga","M","ESP",2023,NA,"10","Wed",2022-10-19,"19:00","Valladolid",4,1.5,"Celta Vigo",1,2.6,16547,"Estadio Municipal José Zorrilla","Valentín Pizarro",NA,"https://fbref.com/en/matches/aa565872/Valladolid-Celta-Vigo-October-19-2022-La-Liga"
"16","La Liga","M","ESP",2023,NA,"10","Wed",2022-10-19,"20:00","Real Sociedad",1,1.2,"Mallorca",0,0.9,27085,"Reale Arena","Miguel Ángel Ortiz Arias",NA,"https://fbref.com/en/matches/60393b8c/Real-Sociedad-Mallorca-October-19-2022-La-Liga"
"17","La Liga","M","ESP",2023,NA,"10","Wed",2022-10-19,"21:00","Elche",0,0.8,"Real Madrid",3,1.5,30236,"Estadio Manuel Martínez Valero","Jesús Gil",NA,"https://fbref.com/en/matches/8cccf9d8/Elche-Real-Madrid-October-19-2022-La-Liga"
"18","La Liga","M","ESP",2023,NA,"10","Thu",2022-10-20,"19:00","Almería",3,1.8,"Girona",2,2.8,11194,"Power Horse Stadium","Guillermo Cuadra",NA,"https://fbref.com/en/matches/49912abe/Almeria-Girona-October-20-2022-La-Liga"
"19","La Liga","M","ESP",2023,NA,"10","Thu",2022-10-20,"20:00","Osasuna",1,1,"Espanyol",0,1,17832,"Estadio El Sadar","Mario Melero",NA,"https://fbref.com/en/matches/01037ff0/Osasuna-Espanyol-October-20-2022-La-Liga"
"20","La Liga","M","ESP",2023,NA,"10","Thu",2022-10-20,"21:00","Barcelona",3,2.1,"Villarreal",0,0.4,73261,"Camp Nou","Carlos del Cerro",NA,"https://fbref.com/en/matches/1fc0e34e/Barcelona-Villarreal-October-20-2022-La-Liga"
"21","La Liga","M","ESP",2023,NA,"11","Sat",2022-10-22,"14:00","Rayo Vallecano",5,3.7,"Cádiz",1,0.2,12975,"Estadio del Rayo Vallecano","Alejandro Muñíz",NA,"https://fbref.com/en/matches/d30035ab/Rayo-Vallecano-Cadiz-October-22-2022-La-Liga"
"22","La Liga","M","ESP",2023,NA,"11","Sat",2022-10-22,"16:15","Valladolid",1,0.8,"Real Sociedad",0,0.9,21175,"Estadio Municipal José Zorrilla","Jorge Figueroa",NA,"https://fbref.com/en/matches/8aae24d6/Valladolid-Real-Sociedad-October-22-2022-La-Liga"
"23","La Liga","M","ESP",2023,NA,"11","Sat",2022-10-22,"18:30","Valencia",1,1.2,"Mallorca",2,1.5,41199,"Estadio de Mestalla","José Sánchez",NA,"https://fbref.com/en/matches/a9afb44e/Valencia-Mallorca-October-22-2022-La-Liga"
"24","La Liga","M","ESP",2023,NA,"11","Sat",2022-10-22,"21:00","Real Madrid",3,3,"Sevilla",1,0.5,59625,"Estadio Santiago Bernabéu","Alejandro Hernández",NA,"https://fbref.com/en/matches/c5d94024/Real-Madrid-Sevilla-October-22-2022-La-Liga"
"25","La Liga","M","ESP",2023,NA,"11","Sun",2022-10-23,"14:00","Espanyol",2,2.2,"Elche",2,0.5,17560,"RCDE Stadium","José Luis Munuera",NA,"https://fbref.com/en/matches/dfc7863c/Espanyol-Elche-October-23-2022-La-Liga"
"26","La Liga","M","ESP",2023,NA,"11","Sun",2022-10-23,"16:15","Betis",1,1.4,"Atlético Madrid",2,0.8,50179,"Estadio Benito Villamarín","Jesús Gil",NA,"https://fbref.com/en/matches/ad6d83f1/Real-Betis-Atletico-Madrid-October-23-2022-La-Liga"
"27","La Liga","M","ESP",2023,NA,"11","Sun",2022-10-23,"18:30","Girona",1,0.4,"Osasuna",1,0.6,10032,"Estadi Municipal de Montilivi","Juan Pulido",NA,"https://fbref.com/en/matches/764f1270/Girona-Osasuna-October-23-2022-La-Liga"
"28","La Liga","M","ESP",2023,NA,"11","Sun",2022-10-23,"18:30","Villarreal",2,1,"Almería",1,1,13816,"Estadio Ciudad de Valencia","Ricardo de Burgos",NA,"https://fbref.com/en/matches/fda8965c/Villarreal-Almeria-October-23-2022-La-Liga"
"29","La Liga","M","ESP",2023,NA,"11","Sun",2022-10-23,"21:00","Barcelona",4,1.4,"Athletic Club",0,0.5,84817,"Camp Nou","Juan Martínez",NA,"https://fbref.com/en/matches/2fb55ba0/Barcelona-Athletic-Club-October-23-2022-La-Liga"
"30","La Liga","M","ESP",2023,NA,"11","Mon",2022-10-24,"21:00","Celta Vigo",1,0.7,"Getafe",1,0.2,9774,"Estadio de Balaídos","Pablo González",NA,"https://fbref.com/en/matches/44682e39/Celta-Vigo-Getafe-October-24-2022-La-Liga"
"31","La Liga","M","ESP",2023,NA,"12","Fri",2022-10-28,"21:00","Mallorca",1,1.4,"Espanyol",1,0.3,13982,"Iberostar Estadi","Isidro Díaz de Mera",NA,"https://fbref.com/en/matches/2ce5c331/Mallorca-Espanyol-October-28-2022-La-Liga"
"32","La Liga","M","ESP",2023,NA,"12","Sat",2022-10-29,"14:00","Almería",3,2.3,"Celta Vigo",1,0.3,11080,"Power Horse Stadium","Carlos del Cerro",NA,"https://fbref.com/en/matches/8fd8c270/Almeria-Celta-Vigo-October-29-2022-La-Liga"
"33","La Liga","M","ESP",2023,NA,"12","Sat",2022-10-29,"16:15","Cádiz",3,1.1,"Atlético Madrid",2,1.3,18183,"Estadio Nuevo Mirandilla","José Sánchez",NA,"https://fbref.com/en/matches/bc23d0ab/Cadiz-Atletico-Madrid-October-29-2022-La-Liga"
"34","La Liga","M","ESP",2023,NA,"12","Sat",2022-10-29,"18:30","Sevilla",0,1.2,"Rayo Vallecano",1,0.7,36601,"Estadio Ramón Sánchez Pizjuán","Antonio Matéu Lahoz",NA,"https://fbref.com/en/matches/a8b647af/Sevilla-Rayo-Vallecano-October-29-2022-La-Liga"
"35","La Liga","M","ESP",2023,NA,"12","Sat",2022-10-29,"21:00","Valencia",0,0.2,"Barcelona",1,1.6,46007,"Estadio de Mestalla","Ricardo de Burgos",NA,"https://fbref.com/en/matches/9abb9c34/Valencia-Barcelona-October-29-2022-La-Liga"
"36","La Liga","M","ESP",2023,NA,"12","Sun",2022-10-30,"14:00","Osasuna",2,2.5,"Valladolid",0,0.5,19429,"Estadio El Sadar","Guillermo Cuadra",NA,"https://fbref.com/en/matches/82851200/Osasuna-Valladolid-October-30-2022-La-Liga"
"37","La Liga","M","ESP",2023,NA,"12","Sun",2022-10-30,"16:15","Real Madrid",1,2.9,"Girona",1,1.4,58367,"Estadio Santiago Bernabéu","Mario Melero",NA,"https://fbref.com/en/matches/ffde27ac/Real-Madrid-Girona-October-30-2022-La-Liga"
"38","La Liga","M","ESP",2023,NA,"12","Sun",2022-10-30,"18:30","Athletic Club",1,1.7,"Villarreal",0,0.3,46081,"San Mamés","Miguel Ángel Ortiz Arias",NA,"https://fbref.com/en/matches/4c9c43b6/Athletic-Club-Villarreal-October-30-2022-La-Liga"
"39","La Liga","M","ESP",2023,NA,"12","Sun",2022-10-30,"21:00","Real Sociedad",0,0.9,"Betis",2,1.3,32435,"Reale Arena","Javier Villanueva",NA,"https://fbref.com/en/matches/dad5414f/Real-Sociedad-Real-Betis-October-30-2022-La-Liga"
"40","La Liga","M","ESP",2023,NA,"12","Mon",2022-10-31,"21:00","Elche",0,1.3,"Getafe",1,0.4,19588,"Estadio Manuel Martínez Valero","César Soto",NA,"https://fbref.com/en/matches/4f0d05ab/Elche-Getafe-October-31-2022-La-Liga"
"41","La Liga","M","ESP",2023,NA,"13","Fri",2022-11-04,"21:00","Girona",2,1,"Athletic Club",1,0.7,11420,"Estadi Municipal de Montilivi","Valentín Pizarro",NA,"https://fbref.com/en/matches/fbc9070c/Girona-Athletic-Club-November-4-2022-La-Liga"
"42","La Liga","M","ESP",2023,NA,"13","Sat",2022-11-05,"14:00","Getafe",0,0.6,"Cádiz",0,1.4,10554,"Coliseum Alfonso Pérez","Alejandro Hernández",NA,"https://fbref.com/en/matches/70ec6175/Getafe-Cadiz-November-5-2022-La-Liga"
"43","La Liga","M","ESP",2023,NA,"13","Sat",2022-11-05,"16:15","Valladolid",2,1.9,"Elche",1,0.2,20176,"Estadio Municipal José Zorrilla","Ricardo de Burgos",NA,"https://fbref.com/en/matches/db09f5b6/Valladolid-Elche-November-5-2022-La-Liga"
"44","La Liga","M","ESP",2023,NA,"13","Sat",2022-11-05,"18:30","Celta Vigo",1,0.7,"Osasuna",2,0.4,14209,"Estadio de Balaídos","Jorge Figueroa",NA,"https://fbref.com/en/matches/e551bbc8/Celta-Vigo-Osasuna-November-5-2022-La-Liga"
"45","La Liga","M","ESP",2023,NA,"13","Sat",2022-11-05,"21:00","Barcelona",2,4,"Almería",0,0.5,92605,"Camp Nou","Pablo González",NA,"https://fbref.com/en/matches/b9cc54ac/Barcelona-Almeria-November-5-2022-La-Liga"
"46","La Liga","M","ESP",2023,NA,"13","Sun",2022-11-06,"14:00","Atlético Madrid",1,1.9,"Espanyol",1,0.7,50007,"Estadio Cívitas Metropolitano","Juan Pulido",NA,"https://fbref.com/en/matches/19c1fbec/Atletico-Madrid-Espanyol-November-6-2022-La-Liga"
"47","La Liga","M","ESP",2023,NA,"13","Sun",2022-11-06,"16:15","Real Sociedad",1,1.1,"Valencia",1,0.9,32773,"Reale Arena","José Luis Munuera",NA,"https://fbref.com/en/matches/86ebf3d1/Real-Sociedad-Valencia-November-6-2022-La-Liga"
"48","La Liga","M","ESP",2023,NA,"13","Sun",2022-11-06,"18:30","Villarreal",0,0.5,"Mallorca",2,0.4,16603,"Estadio Ciudad de Valencia","Alejandro Muñíz",NA,"https://fbref.com/en/matches/610230c8/Villarreal-Mallorca-November-6-2022-La-Liga"
"49","La Liga","M","ESP",2023,NA,"13","Sun",2022-11-06,"21:00","Betis",1,1,"Sevilla",1,1.5,54034,"Estadio Benito Villamarín","José Sánchez",NA,"https://fbref.com/en/matches/a8988680/Real-Betis-Sevilla-November-6-2022-La-Liga"
"50","La Liga","M","ESP",2023,NA,"13","Mon",2022-11-07,"21:00","Rayo Vallecano",3,1.5,"Real Madrid",2,2.4,14216,"Estadio del Rayo Vallecano","Juan Martínez",NA,"https://fbref.com/en/matches/fcff5859/Rayo-Vallecano-Real-Madrid-November-7-2022-La-Liga"
"51","La Liga","M","ESP",2023,NA,"14","Tue",2022-11-08,"19:00","Elche",1,0.6,"Girona",2,2.3,17339,"Estadio Manuel Martínez Valero","Pablo González",NA,"https://fbref.com/en/matches/ebaebf9c/Elche-Girona-November-8-2022-La-Liga"
"52","La Liga","M","ESP",2023,NA,"14","Tue",2022-11-08,"20:00","Athletic Club",3,2.1,"Valladolid",0,0.5,40072,"San Mamés","Isidro Díaz de Mera",NA,"https://fbref.com/en/matches/daafdb0b/Athletic-Club-Valladolid-November-8-2022-La-Liga"
"53","La Liga","M","ESP",2023,NA,"14","Tue",2022-11-08,"21:30","Osasuna",1,1,"Barcelona",2,0.8,21603,"Estadio El Sadar","Jesús Gil",NA,"https://fbref.com/en/matches/1eecb0cd/Osasuna-Barcelona-November-8-2022-La-Liga"
"54","La Liga","M","ESP",2023,NA,"14","Wed",2022-11-09,"19:00","Almería",1,0.5,"Getafe",0,0.4,11454,"Power Horse Stadium","Alejandro Muñíz",NA,"https://fbref.com/en/matches/28bef8bc/Almeria-Getafe-November-9-2022-La-Liga"
"55","La Liga","M","ESP",2023,NA,"14","Wed",2022-11-09,"19:00","Sevilla",1,0.6,"Real Sociedad",2,1.7,34814,"Estadio Ramón Sánchez Pizjuán","Carlos del Cerro",NA,"https://fbref.com/en/matches/f24d40c6/Sevilla-Real-Sociedad-November-9-2022-La-Liga"
"56","La Liga","M","ESP",2023,NA,"14","Wed",2022-11-09,"20:00","Espanyol",0,1.1,"Villarreal",1,0.7,17400,"RCDE Stadium","Javier Villanueva",NA,"https://fbref.com/en/matches/bb7701fa/Espanyol-Villarreal-November-9-2022-La-Liga"
"57","La Liga","M","ESP",2023,NA,"14","Wed",2022-11-09,"21:30","Mallorca",1,1.3,"Atlético Madrid",0,1.3,14475,"Iberostar Estadi","Mario Melero",NA,"https://fbref.com/en/matches/23d327b5/Mallorca-Atletico-Madrid-November-9-2022-La-Liga"
"58","La Liga","M","ESP",2023,NA,"14","Thu",2022-11-10,"19:00","Rayo Vallecano",0,0.4,"Celta Vigo",0,0.9,12419,"Estadio del Rayo Vallecano","José Luis Munuera",NA,"https://fbref.com/en/matches/80851b68/Rayo-Vallecano-Celta-Vigo-November-10-2022-La-Liga"
"59","La Liga","M","ESP",2023,NA,"14","Thu",2022-11-10,"20:00","Valencia",3,2,"Betis",0,0.2,39876,"Estadio de Mestalla","Miguel Ángel Ortiz Arias",NA,"https://fbref.com/en/matches/daf1e1e7/Valencia-Real-Betis-November-10-2022-La-Liga"
"60","La Liga","M","ESP",2023,NA,"14","Thu",2022-11-10,"21:30","Real Madrid",2,2,"Cádiz",1,0.9,53190,"Estadio Santiago Bernabéu","César Soto",NA,"https://fbref.com/en/matches/8413c8fa/Real-Madrid-Cadiz-November-10-2022-La-Liga"
"61","La Liga","M","ESP",2023,NA,"15","Thu",2022-12-29,"17:00","Girona",2,2.3,"Rayo Vallecano",2,1,11451,"Estadi Municipal de Montilivi","Jorge Figueroa",NA,"https://fbref.com/en/matches/f1fddbae/Girona-Rayo-Vallecano-December-29-2022-La-Liga"
"62","La Liga","M","ESP",2023,NA,"15","Thu",2022-12-29,"19:15","Betis",0,0.5,"Athletic Club",0,0.4,53565,"Estadio Benito Villamarín","Alejandro Hernández",NA,"https://fbref.com/en/matches/348f39ff/Real-Betis-Athletic-Club-December-29-2022-La-Liga"
"63","La Liga","M","ESP",2023,NA,"15","Thu",2022-12-29,"21:30","Atlético Madrid",2,1.7,"Elche",0,0.4,48119,"Estadio Cívitas Metropolitano","Guillermo Cuadra",NA,"https://fbref.com/en/matches/8fb6eaaa/Atletico-Madrid-Elche-December-29-2022-La-Liga"
"64","La Liga","M","ESP",2023,NA,"15","Fri",2022-12-30,"17:00","Getafe",2,1.2,"Mallorca",0,0.6,9755,"Coliseum Alfonso Pérez","Hsu Jason",NA,"https://fbref.com/en/matches/c5637fb1/Getafe-Mallorca-December-30-2022-La-Liga"
"65","La Liga","M","ESP",2023,NA,"15","Fri",2022-12-30,"19:15","Cádiz",1,1.3,"Almería",1,2.3,17345,"Estadio Nuevo Mirandilla","Juan Martínez",NA,"https://fbref.com/en/matches/2f696974/Cadiz-Almeria-December-30-2022-La-Liga"
"66","La Liga","M","ESP",2023,NA,"15","Fri",2022-12-30,"19:15","Celta Vigo",1,2,"Sevilla",1,0.7,13653,"Estadio de Balaídos","Ricardo de Burgos",NA,"https://fbref.com/en/matches/6c96832f/Celta-Vigo-Sevilla-December-30-2022-La-Liga"
"67","La Liga","M","ESP",2023,NA,"15","Fri",2022-12-30,"21:30","Valladolid",0,0.6,"Real Madrid",2,2.3,25950,"Estadio Municipal José Zorrilla","José Luis Munuera",NA,"https://fbref.com/en/matches/a2d45f55/Valladolid-Real-Madrid-December-30-2022-La-Liga"
"68","La Liga","M","ESP",2023,NA,"15","Sat",2022-12-31,"14:00","Barcelona",1,2.2,"Espanyol",1,0.9,88095,"Camp Nou","Antonio Matéu",NA,"https://fbref.com/en/matches/2af3934b/Barcelona-Espanyol-December-31-2022-La-Liga"
"69","La Liga","M","ESP",2023,NA,"15","Sat",2022-12-31,"16:15","Real Sociedad",2,1.4,"Osasuna",0,0.4,34847,"Reale Arena","Valentín Pizarro",NA,"https://fbref.com/en/matches/87d24f61/Real-Sociedad-Osasuna-December-31-2022-La-Liga"
"70","La Liga","M","ESP",2023,NA,"15","Sat",2022-12-31,"16:15","Villarreal",2,2.5,"Valencia",1,1.4,19247,"Estadio Ciudad de Valencia","José Sánchez",NA,"https://fbref.com/en/matches/a3257da8/Villarreal-Valencia-December-31-2022-La-Liga"
"71","La Liga","M","ESP",2023,NA,"16","Fri",2023-01-06,"18:30","Elche",0,1,"Celta Vigo",1,2,20121,"Estadio Manuel Martínez Valero","Miguel Ángel Ortiz Arias",NA,"https://fbref.com/en/matches/c2084c72/Elche-Celta-Vigo-January-6-2023-La-Liga"
"72","La Liga","M","ESP",2023,NA,"16","Fri",2023-01-06,"21:00","Valencia",0,0.4,"Cádiz",1,0.4,39003,"Estadio de Mestalla","Pablo González",NA,"https://fbref.com/en/matches/ee927bcc/Valencia-Cadiz-January-6-2023-La-Liga"
"73","La Liga","M","ESP",2023,NA,"16","Sat",2023-01-07,"16:15","Villarreal",2,3,"Real Madrid",1,2.2,21088,"Estadio de la Cerámica","César Soto",NA,"https://fbref.com/en/matches/477d4cdf/Villarreal-Real-Madrid-January-7-2023-La-Liga"
"74","La Liga","M","ESP",2023,NA,"16","Sat",2023-01-07,"18:30","Mallorca",1,1.2,"Valladolid",0,0.6,14129,"Iberostar Estadi","Valentín Pizarro",NA,"https://fbref.com/en/matches/6b820d45/Mallorca-Valladolid-January-7-2023-La-Liga"
"75","La Liga","M","ESP",2023,NA,"16","Sat",2023-01-07,"21:00","Espanyol",2,1.5,"Girona",2,1.2,21429,"RCDE Stadium","Carlos del Cerro",NA,"https://fbref.com/en/matches/87fea3c7/Espanyol-Girona-January-7-2023-La-Liga"
"76","La Liga","M","ESP",2023,NA,"16","Sun",2023-01-08,"14:00","Almería",0,0.6,"Real Sociedad",2,1.7,12020,"Power Horse Stadium","Hsu Jason",NA,"https://fbref.com/en/matches/10b27265/Almeria-Real-Sociedad-January-8-2023-La-Liga"
"77","La Liga","M","ESP",2023,NA,"16","Sun",2023-01-08,"16:15","Rayo Vallecano",1,1.6,"Betis",2,0.9,13119,"Estadio del Rayo Vallecano","Isidro Díaz de Mera",NA,"https://fbref.com/en/matches/9ba59fd7/Rayo-Vallecano-Real-Betis-January-8-2023-La-Liga"
"78","La Liga","M","ESP",2023,NA,"16","Sun",2023-01-08,"18:30","Sevilla",2,1.2,"Getafe",1,0.7,35389,"Estadio Ramón Sánchez Pizjuán","Juan Martínez",NA,"https://fbref.com/en/matches/b1dca05d/Sevilla-Getafe-January-8-2023-La-Liga"
"79","La Liga","M","ESP",2023,NA,"16","Sun",2023-01-08,"21:00","Atlético Madrid",0,1.7,"Barcelona",1,0.7,63493,"Estadio Cívitas Metropolitano","José Luis Munuera",NA,"https://fbref.com/en/matches/3169fc9b/Atletico-Madrid-Barcelona-January-8-2023-La-Liga"
"80","La Liga","M","ESP",2023,NA,"16","Mon",2023-01-09,"21:00","Athletic Club",0,1,"Osasuna",0,0.4,39216,"San Mamés","Mario Melero",NA,"https://fbref.com/en/matches/67f4644f/Athletic-Club-Osasuna-January-9-2023-La-Liga"
"81","La Liga","M","ESP",2023,NA,"17","Fri",2023-01-13,"21:00","Celta Vigo",1,2.1,"Villarreal",1,0.1,13931,"Estadio de Balaídos","Hsu Jason",NA,"https://fbref.com/en/matches/8257d737/Celta-Vigo-Villarreal-January-13-2023-La-Liga"
"82","La Liga","M","ESP",2023,NA,"17","Sat",2023-01-14,"14:00","Valladolid",0,0.6,"Rayo Vallecano",1,1.1,19969,"Estadio Municipal José Zorrilla","Mario Melero",NA,"https://fbref.com/en/matches/61f4e6c3/Valladolid-Rayo-Vallecano-January-14-2023-La-Liga"
"83","La Liga","M","ESP",2023,NA,"17","Sat",2023-01-14,"16:15","Girona",2,2.2,"Sevilla",1,1.1,12035,"Estadi Municipal de Montilivi","Valentín Pizarro",NA,"https://fbref.com/en/matches/65182979/Girona-Sevilla-January-14-2023-La-Liga"
"84","La Liga","M","ESP",2023,NA,"17","Sat",2023-01-14,"18:30","Osasuna",1,1.6,"Mallorca",0,0.5,19887,"Estadio El Sadar","César Soto",NA,"https://fbref.com/en/matches/cd2e3313/Osasuna-Mallorca-January-14-2023-La-Liga"
"85","La Liga","M","ESP",2023,NA,"17","Sat",2023-01-14,"21:00","Real Sociedad",3,2,"Athletic Club",1,0.3,38296,"Reale Arena","Guillermo Cuadra",NA,"https://fbref.com/en/matches/53243b91/Real-Sociedad-Athletic-Club-January-14-2023-La-Liga"
"86","La Liga","M","ESP",2023,NA,"17","Sun",2023-01-15,"14:00","Getafe",1,0.5,"Espanyol",2,0.8,10286,"Coliseum Alfonso Pérez","Jorge Figueroa",NA,"https://fbref.com/en/matches/d5dc8a2c/Getafe-Espanyol-January-15-2023-La-Liga"
"87","La Liga","M","ESP",2023,NA,"17","Sun",2023-01-15,"16:15","Almería",1,1.4,"Atlético Madrid",1,2.4,14128,"Power Horse Stadium","José Sánchez",NA,"https://fbref.com/en/matches/aa527e49/Almeria-Atletico-Madrid-January-15-2023-La-Liga"
"88","La Liga","M","ESP",2023,NA,"17","Mon",2023-01-16,"21:00","Cádiz",1,1.6,"Elche",1,0.6,17389,"Estadio Nuevo Mirandilla","Carlos del Cerro",NA,"https://fbref.com/en/matches/43237dc2/Cadiz-Elche-January-16-2023-La-Liga"
"89","La Liga","M","ESP",2023,NA,"17","Wed",2023-02-01,"21:00","Betis",1,0.6,"Barcelona",2,1.9,48181,"Estadio Benito Villamarín","Ricardo de Burgos",NA,"https://fbref.com/en/matches/1826e512/Real-Betis-Barcelona-February-1-2023-La-Liga"
"90","La Liga","M","ESP",2023,NA,"17","Thu",2023-02-02,"21:00","Real Madrid",2,2.3,"Valencia",0,0.2,51926,"Estadio Santiago Bernabéu","Hsu Jason",NA,"https://fbref.com/en/matches/c8355bdd/Real-Madrid-Valencia-February-2-2023-La-Liga"
"91","La Liga","M","ESP",2023,NA,"18","Fri",2023-01-20,"21:00","Mallorca",1,0.5,"Celta Vigo",0,0.5,12253,"Iberostar Estadi","Juan Pulido",NA,"https://fbref.com/en/matches/53d34361/Mallorca-Celta-Vigo-January-20-2023-La-Liga"
"92","La Liga","M","ESP",2023,NA,"18","Sat",2023-01-21,"14:00","Rayo Vallecano",0,0.9,"Real Sociedad",2,1.6,12874,"Estadio del Rayo Vallecano","Antonio Matéu",NA,"https://fbref.com/en/matches/6b5ac953/Rayo-Vallecano-Real-Sociedad-January-21-2023-La-Liga"
"93","La Liga","M","ESP",2023,NA,"18","Sat",2023-01-21,"16:15","Espanyol",1,2.3,"Betis",0,0.9,20811,"RCDE Stadium","Pablo González",NA,"https://fbref.com/en/matches/377ddbd2/Espanyol-Real-Betis-January-21-2023-La-Liga"
"94","La Liga","M","ESP",2023,NA,"18","Sat",2023-01-21,"18:30","Atlético Madrid",3,3.3,"Valladolid",0,0.5,53253,"Estadio Cívitas Metropolitano","Ricardo de Burgos",NA,"https://fbref.com/en/matches/8b8d6b96/Atletico-Madrid-Valladolid-January-21-2023-La-Liga"
"95","La Liga","M","ESP",2023,NA,"18","Sat",2023-01-21,"21:00","Sevilla",1,1.7,"Cádiz",0,0.1,37400,"Estadio Ramón Sánchez Pizjuán","Alejandro Hernández",NA,"https://fbref.com/en/matches/318144c8/Sevilla-Cadiz-January-21-2023-La-Liga"
"96","La Liga","M","ESP",2023,NA,"18","Sun",2023-01-22,"14:00","Villarreal",1,2.5,"Girona",0,0.6,15129,"Estadio de la Cerámica","Carlos del Cerro",NA,"https://fbref.com/en/matches/f3666d93/Villarreal-Girona-January-22-2023-La-Liga"
"97","La Liga","M","ESP",2023,NA,"18","Sun",2023-01-22,"16:15","Elche",1,1.2,"Osasuna",1,0.5,17589,"Estadio Manuel Martínez Valero","Alejandro Muñíz",NA,"https://fbref.com/en/matches/274b9a9c/Elche-Osasuna-January-22-2023-La-Liga"
"98","La Liga","M","ESP",2023,NA,"18","Sun",2023-01-22,"18:30","Barcelona",1,0.7,"Getafe",0,1.1,79814,"Camp Nou","Javier Villanueva",NA,"https://fbref.com/en/matches/09f83bbc/Barcelona-Getafe-January-22-2023-La-Liga"
"99","La Liga","M","ESP",2023,NA,"18","Sun",2023-01-22,"21:00","Athletic Club",0,1.1,"Real Madrid",2,1.1,49316,"San Mamés","José Sánchez",NA,"https://fbref.com/en/matches/ad94dd60/Athletic-Club-Real-Madrid-January-22-2023-La-Liga"
"100","La Liga","M","ESP",2023,NA,"18","Mon",2023-01-23,"21:00","Valencia",2,1.9,"Almería",2,1.4,33442,"Estadio de Mestalla","Jesús Gil",NA,"https://fbref.com/en/matches/b944484e/Valencia-Almeria-January-23-2023-La-Liga"
"101","La Liga","M","ESP",2023,NA,"19","Fri",2023-01-27,"21:00","Almería",3,2.1,"Espanyol",1,0.8,11629,"Power Horse Stadium","Javier Villanueva",NA,"https://fbref.com/en/matches/58ddf563/Almeria-Espanyol-January-27-2023-La-Liga"
"102","La Liga","M","ESP",2023,NA,"19","Sat",2023-01-28,"14:00","Cádiz",2,1.9,"Mallorca",0,0.4,16117,"Estadio Nuevo Mirandilla","Ricardo de Burgos",NA,"https://fbref.com/en/matches/f80c04f0/Cadiz-Mallorca-January-28-2023-La-Liga"
"103","La Liga","M","ESP",2023,NA,"19","Sat",2023-01-28,"16:15","Girona",0,1.1,"Barcelona",1,1.1,13402,"Estadi Municipal de Montilivi","Alejandro Muñíz",NA,"https://fbref.com/en/matches/05df662a/Girona-Barcelona-January-28-2023-La-Liga"
"104","La Liga","M","ESP",2023,NA,"19","Sat",2023-01-28,"18:30","Sevilla",3,3.2,"Elche",0,0.4,35567,"Estadio Ramón Sánchez Pizjuán","César Soto",NA,"https://fbref.com/en/matches/bb7eb70e/Sevilla-Elche-January-28-2023-La-Liga"
"105","La Liga","M","ESP",2023,NA,"19","Sat",2023-01-28,"21:00","Getafe",0,0.3,"Betis",1,1.7,11851,"Coliseum Alfonso Pérez","Guillermo Cuadra",NA,"https://fbref.com/en/matches/2532526d/Getafe-Real-Betis-January-28-2023-La-Liga"
"106","La Liga","M","ESP",2023,NA,"19","Sun",2023-01-29,"14:00","Valladolid",1,1.5,"Valencia",0,1.2,19675,"Estadio Municipal José Zorrilla","Jorge Figueroa",NA,"https://fbref.com/en/matches/7ca28cbe/Valladolid-Valencia-January-29-2023-La-Liga"
"107","La Liga","M","ESP",2023,NA,"19","Sun",2023-01-29,"16:15","Osasuna",0,0.9,"Atlético Madrid",1,1.6,20902,"Estadio El Sadar","Hsu Jason",NA,"https://fbref.com/en/matches/7b74b970/Osasuna-Atletico-Madrid-January-29-2023-La-Liga"
"108","La Liga","M","ESP",2023,NA,"19","Sun",2023-01-29,"18:30","Celta Vigo",1,0.7,"Athletic Club",0,0.4,14754,"Estadio de Balaídos","Isidro Díaz de Mera",NA,"https://fbref.com/en/matches/897e2175/Celta-Vigo-Athletic-Club-January-29-2023-La-Liga"
"109","La Liga","M","ESP",2023,NA,"19","Sun",2023-01-29,"21:00","Real Madrid",0,1.3,"Real Sociedad",0,0.4,58129,"Estadio Santiago Bernabéu","Mario Melero",NA,"https://fbref.com/en/matches/e75285fb/Real-Madrid-Real-Sociedad-January-29-2023-La-Liga"
"110","La Liga","M","ESP",2023,NA,"19","Mon",2023-01-30,"21:00","Villarreal",0,0.8,"Rayo Vallecano",1,1,14378,"Estadio de la Cerámica","Juan Pulido",NA,"https://fbref.com/en/matches/0681349c/Villarreal-Rayo-Vallecano-January-30-2023-La-Liga"
"111","La Liga","M","ESP",2023,NA,"2","Fri",2022-08-19,"20:00","Espanyol",0,0.8,"Rayo Vallecano",2,1.4,16071,"RCDE Stadium","Jorge Figueroa",NA,"https://fbref.com/en/matches/cb92acb9/Espanyol-Rayo-Vallecano-August-19-2022-La-Liga"
"112","La Liga","M","ESP",2023,NA,"2","Fri",2022-08-19,"22:00","Sevilla",1,2,"Valladolid",1,0.5,33991,"Estadio Ramón Sánchez Pizjuán","Juan Pulido",NA,"https://fbref.com/en/matches/bc5ec3c6/Sevilla-Valladolid-August-19-2022-La-Liga"
"113","La Liga","M","ESP",2023,NA,"2","Sat",2022-08-20,"17:30","Osasuna",2,2.7,"Cádiz",0,1,18587,"Estadio El Sadar","Antonio Matéu Lahoz",NA,"https://fbref.com/en/matches/39d72386/Osasuna-Cadiz-August-20-2022-La-Liga"
"114","La Liga","M","ESP",2023,NA,"2","Sat",2022-08-20,"19:30","Mallorca",1,0.6,"Betis",2,2.1,15579,"Iberostar Estadi","Pablo González",NA,"https://fbref.com/en/matches/f06f275b/Mallorca-Real-Betis-August-20-2022-La-Liga"
"115","La Liga","M","ESP",2023,NA,"2","Sat",2022-08-20,"22:00","Celta Vigo",1,1.4,"Real Madrid",4,3.7,15681,"Estadio de Balaídos","Jesús Gil",NA,"https://fbref.com/en/matches/65ccc663/Celta-Vigo-Real-Madrid-August-20-2022-La-Liga"
"116","La Liga","M","ESP",2023,NA,"2","Sun",2022-08-21,"17:30","Athletic Club",1,1,"Valencia",0,0.7,43333,"San Mamés","César Soto",NA,"https://fbref.com/en/matches/615ccfb0/Athletic-Club-Valencia-August-21-2022-La-Liga"
"117","La Liga","M","ESP",2023,NA,"2","Sun",2022-08-21,"19:30","Atlético Madrid",0,1.6,"Villarreal",2,1.8,57033,"Estadio Cívitas Metropolitano","Ricardo de Burgos",NA,"https://fbref.com/en/matches/ebb32848/Atletico-Madrid-Villarreal-August-21-2022-La-Liga"
"118","La Liga","M","ESP",2023,NA,"2","Sun",2022-08-21,"22:00","Real Sociedad",1,0.8,"Barcelona",4,2.1,36201,"Reale Arena","José Luis Munuera",NA,"https://fbref.com/en/matches/9a5e0f15/Real-Sociedad-Barcelona-August-21-2022-La-Liga"
"119","La Liga","M","ESP",2023,NA,"2","Mon",2022-08-22,"20:00","Elche",1,1,"Almería",1,0.7,23361,"Estadio Manuel Martínez Valero","Isidro Díaz de Mera",NA,"https://fbref.com/en/matches/6f633cb1/Elche-Almeria-August-22-2022-La-Liga"
"120","La Liga","M","ESP",2023,NA,"2","Mon",2022-08-22,"22:00","Girona",3,1.1,"Getafe",1,0.6,10460,"Estadi Municipal de Montilivi","Alejandro Muñíz",NA,"https://fbref.com/en/matches/1253bef2/Girona-Getafe-August-22-2022-La-Liga"
"121","La Liga","M","ESP",2023,NA,"20","Fri",2023-02-03,"21:00","Athletic Club",4,1.7,"Cádiz",1,1.6,42916,"San Mamés","Valentín Pizarro",NA,"https://fbref.com/en/matches/4ad25809/Athletic-Club-Cadiz-February-3-2023-La-Liga"
"122","La Liga","M","ESP",2023,NA,"20","Sat",2023-02-04,"14:00","Espanyol",1,1.4,"Osasuna",1,0.9,22438,"RCDE Stadium","Jesús Gil",NA,"https://fbref.com/en/matches/0913c358/Espanyol-Osasuna-February-4-2023-La-Liga"
"123","La Liga","M","ESP",2023,NA,"20","Sat",2023-02-04,"16:15","Elche",3,3,"Villarreal",1,1.4,18421,"Estadio Manuel Martínez Valero","José Luis Munuera",NA,"https://fbref.com/en/matches/bbd97201/Elche-Villarreal-February-4-2023-La-Liga"
"124","La Liga","M","ESP",2023,NA,"20","Sat",2023-02-04,"18:30","Atlético Madrid",1,0.7,"Getafe",1,1.2,56079,"Estadio Cívitas Metropolitano","Antonio Matéu",NA,"https://fbref.com/en/matches/d98b5875/Atletico-Madrid-Getafe-February-4-2023-La-Liga"
"125","La Liga","M","ESP",2023,NA,"20","Sat",2023-02-04,"21:00","Betis",3,3.4,"Celta Vigo",4,1.9,46595,"Estadio Benito Villamarín","Carlos del Cerro",NA,"https://fbref.com/en/matches/21392431/Real-Betis-Celta-Vigo-February-4-2023-La-Liga"
"126","La Liga","M","ESP",2023,NA,"20","Sun",2023-02-05,"14:00","Mallorca",1,0.2,"Real Madrid",0,1.7,18258,"Iberostar Estadi","Alejandro Hernández",NA,"https://fbref.com/en/matches/a0914b2e/Mallorca-Real-Madrid-February-5-2023-La-Liga"
"127","La Liga","M","ESP",2023,NA,"20","Sun",2023-02-05,"16:15","Girona",1,2.3,"Valencia",0,1,10732,"Estadi Municipal de Montilivi","Javier Villanueva",NA,"https://fbref.com/en/matches/7b4e5dae/Girona-Valencia-February-5-2023-La-Liga"
"128","La Liga","M","ESP",2023,NA,"20","Sun",2023-02-05,"18:30","Real Sociedad",0,1.2,"Valladolid",1,0.7,32214,"Reale Arena","Pablo González",NA,"https://fbref.com/en/matches/3eac51cc/Real-Sociedad-Valladolid-February-5-2023-La-Liga"
"129","La Liga","M","ESP",2023,NA,"20","Sun",2023-02-05,"21:00","Barcelona",3,2.7,"Sevilla",0,0.1,77987,"Camp Nou","José Sánchez",NA,"https://fbref.com/en/matches/1ccc0d2c/Barcelona-Sevilla-February-5-2023-La-Liga"
"130","La Liga","M","ESP",2023,NA,"20","Mon",2023-02-06,"21:00","Rayo Vallecano",2,1.1,"Almería",0,1.2,11783,"Estadio del Rayo Vallecano","César Soto",NA,"https://fbref.com/en/matches/49ebcc28/Rayo-Vallecano-Almeria-February-6-2023-La-Liga"
"131","La Liga","M","ESP",2023,NA,"21","Fri",2023-02-10,"21:00","Cádiz",2,0.7,"Girona",0,0.2,14873,"Estadio Nuevo Mirandilla","Juan Pulido",NA,"https://fbref.com/en/matches/dfda9563/Cadiz-Girona-February-10-2023-La-Liga"
"132","La Liga","M","ESP",2023,NA,"21","Sat",2023-02-11,"16:15","Almería",2,2.3,"Betis",3,2.5,14288,"Power Horse Stadium","Hsu Jason",NA,"https://fbref.com/en/matches/6bb56f15/Almeria-Real-Betis-February-11-2023-La-Liga"
"133","La Liga","M","ESP",2023,NA,"21","Sat",2023-02-11,"18:30","Sevilla",2,2.1,"Mallorca",0,0.3,35150,"Estadio Ramón Sánchez Pizjuán","Javier Villanueva",NA,"https://fbref.com/en/matches/0792ae6b/Sevilla-Mallorca-February-11-2023-La-Liga"
"134","La Liga","M","ESP",2023,NA,"21","Sat",2023-02-11,"21:00","Valencia",1,1.6,"Athletic Club",2,1.5,36688,"Estadio de Mestalla","César Soto",NA,"https://fbref.com/en/matches/26d50111/Valencia-Athletic-Club-February-11-2023-La-Liga"
"135","La Liga","M","ESP",2023,NA,"21","Sun",2023-02-12,"14:00","Getafe",1,1.4,"Rayo Vallecano",1,2.2,12042,"Coliseum Alfonso Pérez","Isidro Díaz de Mera",NA,"https://fbref.com/en/matches/8d4f770b/Getafe-Rayo-Vallecano-February-12-2023-La-Liga"
"136","La Liga","M","ESP",2023,NA,"21","Sun",2023-02-12,"16:15","Celta Vigo",0,0.9,"Atlético Madrid",1,0.9,15842,"Estadio de Balaídos","Jorge Figueroa",NA,"https://fbref.com/en/matches/a34eae3f/Celta-Vigo-Atletico-Madrid-February-12-2023-La-Liga"
"137","La Liga","M","ESP",2023,NA,"21","Sun",2023-02-12,"18:30","Valladolid",0,1.6,"Osasuna",0,0.7,21044,"Estadio Municipal José Zorrilla","Guillermo Cuadra",NA,"https://fbref.com/en/matches/315c78f1/Valladolid-Osasuna-February-12-2023-La-Liga"
"138","La Liga","M","ESP",2023,NA,"21","Sun",2023-02-12,"21:00","Villarreal",0,1.1,"Barcelona",1,1.7,21178,"Estadio de la Cerámica","Alejandro Hernández",NA,"https://fbref.com/en/matches/44e57939/Villarreal-Barcelona-February-12-2023-La-Liga"
"139","La Liga","M","ESP",2023,NA,"21","Mon",2023-02-13,"21:00","Espanyol",2,1.2,"Real Sociedad",3,1.4,15867,"RCDE Stadium","Alejandro Muñíz",NA,"https://fbref.com/en/matches/7ed0a343/Espanyol-Real-Sociedad-February-13-2023-La-Liga"
"140","La Liga","M","ESP",2023,NA,"21","Wed",2023-02-15,"21:00","Real Madrid",4,4.1,"Elche",0,0.6,44319,"Estadio Santiago Bernabéu","Ricardo de Burgos",NA,"https://fbref.com/en/matches/aa81febc/Real-Madrid-Elche-February-15-2023-La-Liga"
"141","La Liga","M","ESP",2023,NA,"22","Fri",2023-02-17,"21:00","Girona",6,3,"Almería",2,1.8,8879,"Estadi Municipal de Montilivi","Valentín Pizarro",NA,"https://fbref.com/en/matches/6dd225f0/Girona-Almeria-February-17-2023-La-Liga"
"142","La Liga","M","ESP",2023,NA,"22","Sat",2023-02-18,"14:00","Real Sociedad",1,1.4,"Celta Vigo",1,1.4,29312,"Reale Arena","Miguel Ángel Ortiz Arias",NA,"https://fbref.com/en/matches/312c107a/Real-Sociedad-Celta-Vigo-February-18-2023-La-Liga"
"143","La Liga","M","ESP",2023,NA,"22","Sat",2023-02-18,"16:15","Betis",2,2.4,"Valladolid",1,1,51396,"Estadio Benito Villamarín","Antonio Matéu",NA,"https://fbref.com/en/matches/b5b65432/Real-Betis-Valladolid-February-18-2023-La-Liga"
"144","La Liga","M","ESP",2023,NA,"22","Sat",2023-02-18,"18:30","Mallorca",4,2.2,"Villarreal",2,1.2,13957,"Iberostar Estadi","José Sánchez",NA,"https://fbref.com/en/matches/abe1a0be/Mallorca-Villarreal-February-18-2023-La-Liga"
"145","La Liga","M","ESP",2023,NA,"22","Sat",2023-02-18,"21:00","Osasuna",0,0.5,"Real Madrid",2,1.3,21668,"Estadio El Sadar","José Luis Munuera",NA,"https://fbref.com/en/matches/41878242/Osasuna-Real-Madrid-February-18-2023-La-Liga"
"146","La Liga","M","ESP",2023,NA,"22","Sun",2023-02-19,"14:00","Elche",0,1.8,"Espanyol",1,1.3,18963,"Estadio Manuel Martínez Valero","Carlos del Cerro",NA,"https://fbref.com/en/matches/a94a07e1/Elche-Espanyol-February-19-2023-La-Liga"
"147","La Liga","M","ESP",2023,NA,"22","Sun",2023-02-19,"16:15","Rayo Vallecano",1,1.3,"Sevilla",1,0.5,13294,"Estadio del Rayo Vallecano","Jesús Gil",NA,"https://fbref.com/en/matches/bf5f27cd/Rayo-Vallecano-Sevilla-February-19-2023-La-Liga"
"148","La Liga","M","ESP",2023,NA,"22","Sun",2023-02-19,"18:30","Atlético Madrid",1,1.2,"Athletic Club",0,0.8,61617,"Estadio Cívitas Metropolitano","Juan Martínez",NA,"https://fbref.com/en/matches/bc5d03d2/Atletico-Madrid-Athletic-Club-February-19-2023-La-Liga"
"149","La Liga","M","ESP",2023,NA,"22","Sun",2023-02-19,"21:00","Barcelona",2,2.2,"Cádiz",0,1,72010,"Camp Nou","Pablo González",NA,"https://fbref.com/en/matches/c3d1d09b/Barcelona-Cadiz-February-19-2023-La-Liga"
"150","La Liga","M","ESP",2023,NA,"22","Mon",2023-02-20,"21:00","Getafe",1,1.8,"Valencia",0,1,10112,"Coliseum Alfonso Pérez","Mario Melero",NA,"https://fbref.com/en/matches/2d3fc14f/Getafe-Valencia-February-20-2023-La-Liga"
"151","La Liga","M","ESP",2023,NA,"23","Fri",2023-02-24,"21:00","Elche",2,1,"Betis",3,4.1,20643,"Estadio Manuel Martínez Valero","Javier Villanueva",NA,"https://fbref.com/en/matches/d13590ac/Elche-Real-Betis-February-24-2023-La-Liga"
"152","La Liga","M","ESP",2023,NA,"23","Sat",2023-02-25,"14:00","Espanyol",2,1.4,"Mallorca",1,0.7,21403,"RCDE Stadium","Hsu Jason",NA,"https://fbref.com/en/matches/446b1577/Espanyol-Mallorca-February-25-2023-La-Liga"
"153","La Liga","M","ESP",2023,NA,"23","Sat",2023-02-25,"16:15","Cádiz",1,0.8,"Rayo Vallecano",0,0.6,16703,"Estadio Nuevo Mirandilla","Alejandro Muñíz",NA,"https://fbref.com/en/matches/1e086908/Cadiz-Rayo-Vallecano-February-25-2023-La-Liga"
"154","La Liga","M","ESP",2023,NA,"23","Sat",2023-02-25,"18:30","Real Madrid",1,1.6,"Atlético Madrid",1,0.3,64721,"Estadio Santiago Bernabéu","Jesús Gil",NA,"https://fbref.com/en/matches/b51377f8/El-Derbi-Madrileno-Real-Madrid-Atletico-Madrid-February-25-2023-La-Liga"
"155","La Liga","M","ESP",2023,NA,"23","Sat",2023-02-25,"21:00","Valencia",1,0.5,"Real Sociedad",0,0.7,37465,"Estadio de Mestalla","Alejandro Hernández",NA,"https://fbref.com/en/matches/fe69c87b/Valencia-Real-Sociedad-February-25-2023-La-Liga"
"156","La Liga","M","ESP",2023,NA,"23","Sun",2023-02-26,"14:00","Athletic Club",2,1.6,"Girona",3,1.1,42816,"San Mamés","Isidro Díaz de Mera",NA,"https://fbref.com/en/matches/484db82d/Athletic-Club-Girona-February-26-2023-La-Liga"
"157","La Liga","M","ESP",2023,NA,"23","Sun",2023-02-26,"16:15","Celta Vigo",3,1.8,"Valladolid",0,0.5,14755,"Estadio de Balaídos","Ricardo de Burgos",NA,"https://fbref.com/en/matches/5b7029e3/Celta-Vigo-Valladolid-February-26-2023-La-Liga"
"158","La Liga","M","ESP",2023,NA,"23","Sun",2023-02-26,"18:30","Almería",1,1,"Barcelona",0,1.4,15279,"Power Horse Stadium","Miguel Ángel Ortiz Arias",NA,"https://fbref.com/en/matches/47134469/Almeria-Barcelona-February-26-2023-La-Liga"
"159","La Liga","M","ESP",2023,NA,"23","Sun",2023-02-26,"21:00","Sevilla",2,1.7,"Osasuna",3,0.9,34538,"Estadio Ramón Sánchez Pizjuán","Juan Pulido",NA,"https://fbref.com/en/matches/19bec97a/Sevilla-Osasuna-February-26-2023-La-Liga"
"160","La Liga","M","ESP",2023,NA,"23","Mon",2023-02-27,"21:00","Villarreal",2,1.5,"Getafe",1,0.6,13090,"Estadio de la Cerámica","Jorge Figueroa",NA,"https://fbref.com/en/matches/17268fc9/Villarreal-Getafe-February-27-2023-La-Liga"
"161","La Liga","M","ESP",2023,NA,"24","Fri",2023-03-03,"21:00","Real Sociedad",0,1.2,"Cádiz",0,0.6,28733,"Reale Arena","Antonio Matéu",NA,"https://fbref.com/en/matches/d76a9b5c/Real-Sociedad-Cadiz-March-3-2023-La-Liga"
"162","La Liga","M","ESP",2023,NA,"24","Sat",2023-03-04,"14:00","Getafe",3,1.5,"Girona",2,0.8,9802,"Coliseum Alfonso Pérez","Juan Martínez",NA,"https://fbref.com/en/matches/81393487/Getafe-Girona-March-4-2023-La-Liga"
"163","La Liga","M","ESP",2023,NA,"24","Sat",2023-03-04,"16:15","Almería",0,0.4,"Villarreal",2,2.1,13311,"Power Horse Stadium","Pablo González",NA,"https://fbref.com/en/matches/366a3ab1/Almeria-Villarreal-March-4-2023-La-Liga"
"164","La Liga","M","ESP",2023,NA,"24","Sat",2023-03-04,"18:30","Mallorca",0,0.9,"Elche",1,0.9,14065,"Iberostar Estadi","José Luis Munuera",NA,"https://fbref.com/en/matches/14214742/Mallorca-Elche-March-4-2023-La-Liga"
"165","La Liga","M","ESP",2023,NA,"24","Sat",2023-03-04,"21:00","Atlético Madrid",6,3.2,"Sevilla",1,1.5,57737,"Estadio Cívitas Metropolitano","Guillermo Cuadra",NA,"https://fbref.com/en/matches/7bfcaa51/Atletico-Madrid-Sevilla-March-4-2023-La-Liga"
"166","La Liga","M","ESP",2023,NA,"24","Sun",2023-03-05,"14:00","Valladolid",2,1.4,"Espanyol",1,1.2,19212,"Estadio Municipal José Zorrilla","Valentín Pizarro",NA,"https://fbref.com/en/matches/f4163c1c/Valladolid-Espanyol-March-5-2023-La-Liga"
"167","La Liga","M","ESP",2023,NA,"24","Sun",2023-03-05,"16:15","Barcelona",1,1.8,"Valencia",0,1,89644,"Camp Nou","Hsu Jason",NA,"https://fbref.com/en/matches/3dc648e6/Barcelona-Valencia-March-5-2023-La-Liga"
"168","La Liga","M","ESP",2023,NA,"24","Sun",2023-03-05,"18:30","Rayo Vallecano",0,1.1,"Athletic Club",0,1.3,12979,"Estadio del Rayo Vallecano","Mario Melero",NA,"https://fbref.com/en/matches/47a1d3f2/Rayo-Vallecano-Athletic-Club-March-5-2023-La-Liga"
"169","La Liga","M","ESP",2023,NA,"24","Sun",2023-03-05,"21:00","Betis",0,0.5,"Real Madrid",0,1.5,52212,"Estadio Benito Villamarín","César Soto",NA,"https://fbref.com/en/matches/971ff4d2/Real-Betis-Real-Madrid-March-5-2023-La-Liga"
"170","La Liga","M","ESP",2023,NA,"24","Mon",2023-03-06,"21:00","Osasuna",0,0.8,"Celta Vigo",0,1.1,17684,"Estadio El Sadar","José Sánchez",NA,"https://fbref.com/en/matches/6facd787/Osasuna-Celta-Vigo-March-6-2023-La-Liga"
"171","La Liga","M","ESP",2023,NA,"25","Fri",2023-03-10,"21:00","Cádiz",2,1.7,"Getafe",2,2.7,18414,"Estadio Nuevo Mirandilla","Alejandro Hernández",NA,"https://fbref.com/en/matches/5b5947df/Cadiz-Getafe-March-10-2023-La-Liga"
"172","La Liga","M","ESP",2023,NA,"25","Sat",2023-03-11,"14:00","Real Madrid",3,1.7,"Espanyol",1,1.2,59872,"Estadio Santiago Bernabéu","Jorge Figueroa",NA,"https://fbref.com/en/matches/f08a0268/Real-Madrid-Espanyol-March-11-2023-La-Liga"
"173","La Liga","M","ESP",2023,NA,"25","Sat",2023-03-11,"16:15","Elche",1,2,"Valladolid",1,0.2,18972,"Estadio Manuel Martínez Valero","Isidro Díaz de Mera",NA,"https://fbref.com/en/matches/d1648255/Elche-Valladolid-March-11-2023-La-Liga"
"174","La Liga","M","ESP",2023,NA,"25","Sat",2023-03-11,"18:30","Celta Vigo",3,2.4,"Rayo Vallecano",0,1.1,14451,"Estadio de Balaídos","Juan Pulido",NA,"https://fbref.com/en/matches/db2d843c/Celta-Vigo-Rayo-Vallecano-March-11-2023-La-Liga"
"175","La Liga","M","ESP",2023,NA,"25","Sat",2023-03-11,"21:00","Valencia",1,1.7,"Osasuna",0,0.3,37762,"Estadio de Mestalla","Javier Villanueva",NA,"https://fbref.com/en/matches/77b8c292/Valencia-Osasuna-March-11-2023-La-Liga"
"176","La Liga","M","ESP",2023,NA,"25","Sun",2023-03-12,"14:00","Mallorca",1,1.4,"Real Sociedad",1,0.5,13840,"Iberostar Estadi","Juan Martínez",NA,"https://fbref.com/en/matches/9a689249/Mallorca-Real-Sociedad-March-12-2023-La-Liga"
"177","La Liga","M","ESP",2023,NA,"25","Sun",2023-03-12,"16:15","Sevilla",2,3,"Almería",1,1.1,37848,"Estadio Ramón Sánchez Pizjuán","Ricardo de Burgos",NA,"https://fbref.com/en/matches/c3d888f5/Sevilla-Almeria-March-12-2023-La-Liga"
"178","La Liga","M","ESP",2023,NA,"25","Sun",2023-03-12,"18:30","Villarreal",1,1.7,"Betis",1,1,19174,"Estadio de la Cerámica","Miguel Ángel Ortiz Arias",NA,"https://fbref.com/en/matches/02eab739/Villarreal-Real-Betis-March-12-2023-La-Liga"
"179","La Liga","M","ESP",2023,NA,"25","Sun",2023-03-12,"21:00","Athletic Club",0,0.9,"Barcelona",1,0.9,49741,"San Mamés","Jesús Gil",NA,"https://fbref.com/en/matches/11efb749/Athletic-Club-Barcelona-March-12-2023-La-Liga"
"180","La Liga","M","ESP",2023,NA,"25","Mon",2023-03-13,"21:00","Girona",0,0.4,"Atlético Madrid",1,1.9,12499,"Estadi Municipal de Montilivi","Mario Melero",NA,"https://fbref.com/en/matches/6d438679/Girona-Atletico-Madrid-March-13-2023-La-Liga"
"181","La Liga","M","ESP",2023,NA,"26","Fri",2023-03-17,"21:00","Valladolid",1,1.1,"Athletic Club",3,2.6,21707,"Estadio Municipal José Zorrilla","Hsu Jason",NA,"https://fbref.com/en/matches/d4c4e1d2/Valladolid-Athletic-Club-March-17-2023-La-Liga"
"182","La Liga","M","ESP",2023,NA,"26","Sat",2023-03-18,"14:00","Almería",1,2.4,"Cádiz",1,1.4,12183,"Power Horse Stadium","Carlos del Cerro",NA,"https://fbref.com/en/matches/e4dabca8/Almeria-Cadiz-March-18-2023-La-Liga"
"183","La Liga","M","ESP",2023,NA,"26","Sat",2023-03-18,"16:15","Rayo Vallecano",2,1.9,"Girona",2,1.8,12263,"Estadio del Rayo Vallecano","Pablo González",NA,"https://fbref.com/en/matches/2dc7ac7e/Rayo-Vallecano-Girona-March-18-2023-La-Liga"
"184","La Liga","M","ESP",2023,NA,"26","Sat",2023-03-18,"18:30","Espanyol",1,1.2,"Celta Vigo",3,1.6,26231,"RCDE Stadium","Guillermo Cuadra",NA,"https://fbref.com/en/matches/c13e375b/Espanyol-Celta-Vigo-March-18-2023-La-Liga"
"185","La Liga","M","ESP",2023,NA,"26","Sat",2023-03-18,"21:00","Atlético Madrid",3,1.9,"Valencia",0,1,58317,"Estadio Cívitas Metropolitano","José Luis Munuera",NA,"https://fbref.com/en/matches/5ca44582/Atletico-Madrid-Valencia-March-18-2023-La-Liga"
"186","La Liga","M","ESP",2023,NA,"26","Sun",2023-03-19,"14:00","Betis",1,0.8,"Mallorca",0,0.2,50402,"Estadio Benito Villamarín","Valentín Pizarro",NA,"https://fbref.com/en/matches/e668a91a/Real-Betis-Mallorca-March-19-2023-La-Liga"
"187","La Liga","M","ESP",2023,NA,"26","Sun",2023-03-19,"16:15","Osasuna",0,0.9,"Villarreal",3,1.8,20128,"Estadio El Sadar","Alejandro Muñíz",NA,"https://fbref.com/en/matches/83cef2e5/Osasuna-Villarreal-March-19-2023-La-Liga"
"188","La Liga","M","ESP",2023,NA,"26","Sun",2023-03-19,"16:15","Real Sociedad",2,2,"Elche",0,0.1,28496,"Reale Arena","José Sánchez",NA,"https://fbref.com/en/matches/8b6c5b79/Real-Sociedad-Elche-March-19-2023-La-Liga"
"189","La Liga","M","ESP",2023,NA,"26","Sun",2023-03-19,"18:30","Getafe",2,1.7,"Sevilla",0,1,12253,"Coliseum Alfonso Pérez","Antonio Matéu",NA,"https://fbref.com/en/matches/d233dd60/Getafe-Sevilla-March-19-2023-La-Liga"
"190","La Liga","M","ESP",2023,NA,"26","Sun",2023-03-19,"21:00","Barcelona",2,1.6,"Real Madrid",1,0.5,95745,"Camp Nou","Ricardo de Burgos",NA,"https://fbref.com/en/matches/fbf241b4/El-Clasico-Barcelona-Real-Madrid-March-19-2023-La-Liga"
"191","La Liga","M","ESP",2023,NA,"27","Fri",2023-03-31,"21:00","Mallorca",0,0.5,"Osasuna",0,0.5,14132,"Iberostar Estadi","Isidro Díaz de Mera",NA,"https://fbref.com/en/matches/bb2cc8e7/Mallorca-Osasuna-March-31-2023-La-Liga"
"192","La Liga","M","ESP",2023,NA,"27","Sat",2023-04-01,"14:00","Girona",2,1.6,"Espanyol",1,1,12841,"Estadi Municipal de Montilivi","Miguel Ángel Ortiz Arias",NA,"https://fbref.com/en/matches/1b9ec7de/Girona-Espanyol-April-1-2023-La-Liga"
"193","La Liga","M","ESP",2023,NA,"27","Sat",2023-04-01,"16:15","Athletic Club",0,0.9,"Getafe",0,0.8,43782,"San Mamés","Javier Villanueva",NA,"https://fbref.com/en/matches/e0851269/Athletic-Club-Getafe-April-1-2023-La-Liga"
"194","La Liga","M","ESP",2023,NA,"27","Sat",2023-04-01,"18:30","Cádiz",0,1.1,"Sevilla",2,1.1,19181,"Estadio Nuevo Mirandilla","César Soto",NA,"https://fbref.com/en/matches/b57113f8/Cadiz-Sevilla-April-1-2023-La-Liga"
"195","La Liga","M","ESP",2023,NA,"27","Sat",2023-04-01,"21:00","Elche",0,0.8,"Barcelona",4,1.7,28142,"Estadio Manuel Martínez Valero","Carlos del Cerro",NA,"https://fbref.com/en/matches/15bdf085/Elche-Barcelona-April-1-2023-La-Liga"
"196","La Liga","M","ESP",2023,NA,"27","Sun",2023-04-02,"14:00","Celta Vigo",2,2,"Almería",2,1,14011,"Estadio de Balaídos","Alejandro Hernández",NA,"https://fbref.com/en/matches/2cbcebd9/Celta-Vigo-Almeria-April-2-2023-La-Liga"
"197","La Liga","M","ESP",2023,NA,"27","Sun",2023-04-02,"16:15","Real Madrid",6,4.5,"Valladolid",0,0.8,59400,"Estadio Santiago Bernabéu","Juan Pulido",NA,"https://fbref.com/en/matches/deb5f8cf/Real-Madrid-Valladolid-April-2-2023-La-Liga"
"198","La Liga","M","ESP",2023,NA,"27","Sun",2023-04-02,"18:30","Villarreal",2,2.7,"Real Sociedad",0,1,18768,"Estadio de la Cerámica","Jesús Gil",NA,"https://fbref.com/en/matches/6d421caf/Villarreal-Real-Sociedad-April-2-2023-La-Liga"
"199","La Liga","M","ESP",2023,NA,"27","Sun",2023-04-02,"21:00","Atlético Madrid",1,1.6,"Betis",0,0.6,61623,"Estadio Cívitas Metropolitano","Juan Martínez",NA,"https://fbref.com/en/matches/42eb1869/Atletico-Madrid-Real-Betis-April-2-2023-La-Liga"
"200","La Liga","M","ESP",2023,NA,"27","Mon",2023-04-03,"21:00","Valencia",1,2.3,"Rayo Vallecano",1,0.8,39769,"Estadio de Mestalla","Jorge Figueroa",NA,"https://fbref.com/en/matches/c0f06039/Valencia-Rayo-Vallecano-April-3-2023-La-Liga"
"201","La Liga","M","ESP",2023,NA,"28","Fri",2023-04-07,"21:00","Sevilla",2,0.4,"Celta Vigo",2,0.6,30778,"Estadio Ramón Sánchez Pizjuán","Valentín Pizarro",NA,"https://fbref.com/en/matches/a10d32b8/Sevilla-Celta-Vigo-April-7-2023-La-Liga"
"202","La Liga","M","ESP",2023,NA,"28","Sat",2023-04-08,"14:00","Osasuna",2,1.2,"Elche",1,0.7,16925,"Estadio El Sadar","Pablo González",NA,"https://fbref.com/en/matches/678b0d64/Osasuna-Elche-April-8-2023-La-Liga"
"203","La Liga","M","ESP",2023,NA,"28","Sat",2023-04-08,"16:15","Espanyol",1,0.9,"Athletic Club",2,2.3,24903,"RCDE Stadium","José Luis Munuera",NA,"https://fbref.com/en/matches/aeab8412/Espanyol-Athletic-Club-April-8-2023-La-Liga"
"204","La Liga","M","ESP",2023,NA,"28","Sat",2023-04-08,"18:30","Real Sociedad",2,2.1,"Getafe",0,0.3,27606,"Reale Arena","Mario Melero",NA,"https://fbref.com/en/matches/52679876/Real-Sociedad-Getafe-April-8-2023-La-Liga"
"205","La Liga","M","ESP",2023,NA,"28","Sat",2023-04-08,"21:00","Real Madrid",2,2.4,"Villarreal",3,1.5,57887,"Estadio Santiago Bernabéu","Hsu Jason",NA,"https://fbref.com/en/matches/c9cc060c/Real-Madrid-Villarreal-April-8-2023-La-Liga"
"206","La Liga","M","ESP",2023,NA,"28","Sun",2023-04-09,"14:00","Valladolid",3,1.2,"Mallorca",3,1.8,18010,"Estadio Municipal José Zorrilla","Alejandro Muñíz",NA,"https://fbref.com/en/matches/95368d85/Valladolid-Mallorca-April-9-2023-La-Liga"
"207","La Liga","M","ESP",2023,NA,"28","Sun",2023-04-09,"16:15","Betis",0,1.2,"Cádiz",2,2.9,51555,"Estadio Benito Villamarín","Guillermo Cuadra",NA,"https://fbref.com/en/matches/ea93d7f3/Real-Betis-Cadiz-April-9-2023-La-Liga"
"208","La Liga","M","ESP",2023,NA,"28","Sun",2023-04-09,"18:30","Almería",2,0.9,"Valencia",1,1.3,14309,"Power Horse Stadium","José Sánchez",NA,"https://fbref.com/en/matches/22adf5a4/Almeria-Valencia-April-9-2023-La-Liga"
"209","La Liga","M","ESP",2023,NA,"28","Sun",2023-04-09,"21:00","Rayo Vallecano",1,0.7,"Atlético Madrid",2,1.9,13512,"Estadio del Rayo Vallecano","Ricardo de Burgos",NA,"https://fbref.com/en/matches/d530a139/Rayo-Vallecano-Atletico-Madrid-April-9-2023-La-Liga"
"210","La Liga","M","ESP",2023,NA,"28","Mon",2023-04-10,"21:00","Barcelona",0,1.3,"Girona",0,0.6,78425,"Camp Nou","Antonio Matéu",NA,"https://fbref.com/en/matches/495ec163/Barcelona-Girona-April-10-2023-La-Liga"
"211","La Liga","M","ESP",2023,NA,"29","Fri",2023-04-14,"21:00","Rayo Vallecano",2,0.9,"Osasuna",1,0.6,12726,"Estadio del Rayo Vallecano","José Luis Munuera",NA,"https://fbref.com/en/matches/78e99c13/Rayo-Vallecano-Osasuna-April-14-2023-La-Liga"
"212","La Liga","M","ESP",2023,NA,"29","Sat",2023-04-15,"14:00","Villarreal",1,2,"Valladolid",2,2.2,14876,"Estadio de la Cerámica","Javier Villanueva",NA,"https://fbref.com/en/matches/6b890537/Villarreal-Valladolid-April-15-2023-La-Liga"
"213","La Liga","M","ESP",2023,NA,"29","Sat",2023-04-15,"16:15","Athletic Club",2,0.8,"Real Sociedad",0,1.4,49287,"San Mamés","César Soto",NA,"https://fbref.com/en/matches/4c562ec1/Athletic-Club-Real-Sociedad-April-15-2023-La-Liga"
"214","La Liga","M","ESP",2023,NA,"29","Sat",2023-04-15,"18:30","Betis",3,2,"Espanyol",1,0.8,45313,"Estadio Benito Villamarín","Alejandro Hernández",NA,"https://fbref.com/en/matches/1de90754/Real-Betis-Espanyol-April-15-2023-La-Liga"
"215","La Liga","M","ESP",2023,NA,"29","Sat",2023-04-15,"21:00","Cádiz",0,0.7,"Real Madrid",2,3.5,19833,"Estadio Nuevo Mirandilla","Jesús Gil",NA,"https://fbref.com/en/matches/2cc94405/Cadiz-Real-Madrid-April-15-2023-La-Liga"
"216","La Liga","M","ESP",2023,NA,"29","Sun",2023-04-16,"14:00","Girona",2,1.3,"Elche",0,0.7,11114,"Estadi Municipal de Montilivi","Jorge Figueroa",NA,"https://fbref.com/en/matches/0691278f/Girona-Elche-April-16-2023-La-Liga"
"217","La Liga","M","ESP",2023,NA,"29","Sun",2023-04-16,"16:15","Getafe",0,0.5,"Barcelona",0,1.5,14854,"Coliseum Alfonso Pérez","Juan Pulido",NA,"https://fbref.com/en/matches/acef62b2/Getafe-Barcelona-April-16-2023-La-Liga"
"218","La Liga","M","ESP",2023,NA,"29","Sun",2023-04-16,"18:30","Atlético Madrid",2,2.3,"Almería",1,0.2,59204,"Estadio Cívitas Metropolitano","Isidro Díaz de Mera",NA,"https://fbref.com/en/matches/c518c3b1/Atletico-Madrid-Almeria-April-16-2023-La-Liga"
"219","La Liga","M","ESP",2023,NA,"29","Sun",2023-04-16,"21:00","Valencia",0,0.4,"Sevilla",2,0.4,39654,"Estadio de Mestalla","Carlos del Cerro",NA,"https://fbref.com/en/matches/722dabd5/Valencia-Sevilla-April-16-2023-La-Liga"
"220","La Liga","M","ESP",2023,NA,"29","Mon",2023-04-17,"21:00","Celta Vigo",0,0.8,"Mallorca",1,1,13557,"Estadio de Balaídos","Miguel Ángel Ortiz Arias",NA,"https://fbref.com/en/matches/3d760d7b/Celta-Vigo-Mallorca-April-17-2023-La-Liga"
"221","La Liga","M","ESP",2023,NA,"3","Fri",2022-08-26,"20:00","Girona",0,1,"Celta Vigo",1,1,11329,"Estadi Municipal de Montilivi","Carlos del Cerro",NA,"https://fbref.com/en/matches/3cce40a3/Girona-Celta-Vigo-August-26-2022-La-Liga"
"222","La Liga","M","ESP",2023,NA,"3","Fri",2022-08-26,"22:00","Betis",1,0.5,"Osasuna",0,1.3,52580,"Estadio Benito Villamarín","Juan Martínez",NA,"https://fbref.com/en/matches/8ed0d2b7/Real-Betis-Osasuna-August-26-2022-La-Liga"
"223","La Liga","M","ESP",2023,NA,"3","Sat",2022-08-27,"17:30","Elche",0,0.7,"Real Sociedad",1,1.8,22656,"Estadio Manuel Martínez Valero","Javier Villanueva",NA,"https://fbref.com/en/matches/0839f02f/Elche-Real-Sociedad-August-27-2022-La-Liga"
"224","La Liga","M","ESP",2023,NA,"3","Sat",2022-08-27,"19:30","Rayo Vallecano",0,0.7,"Mallorca",2,0.8,10944,"Estadio del Rayo Vallecano","José Sánchez",NA,"https://fbref.com/en/matches/21b1f2fd/Rayo-Vallecano-Mallorca-August-27-2022-La-Liga"
"225","La Liga","M","ESP",2023,NA,"3","Sat",2022-08-27,"22:00","Almería",2,2.3,"Sevilla",1,1,13788,"Power Horse Stadium","Jesús Gil",NA,"https://fbref.com/en/matches/ef9a3cb4/Almeria-Sevilla-August-27-2022-La-Liga"
"226","La Liga","M","ESP",2023,NA,"3","Sun",2022-08-28,"17:30","Getafe",0,0.3,"Villarreal",0,1.1,9815,"Coliseum Alfonso Pérez","Jorge Figueroa",NA,"https://fbref.com/en/matches/834124a1/Getafe-Villarreal-August-28-2022-La-Liga"
"227","La Liga","M","ESP",2023,NA,"3","Sun",2022-08-28,"19:30","Barcelona",4,2.6,"Valladolid",0,0.8,83972,"Camp Nou","Ricardo de Burgos",NA,"https://fbref.com/en/matches/4ed9f64b/Barcelona-Valladolid-August-28-2022-La-Liga"
"228","La Liga","M","ESP",2023,NA,"3","Sun",2022-08-28,"22:00","Espanyol",1,1.3,"Real Madrid",3,2.1,25778,"RCDE Stadium","Mario Melero",NA,"https://fbref.com/en/matches/36d21a47/Espanyol-Real-Madrid-August-28-2022-La-Liga"
"229","La Liga","M","ESP",2023,NA,"3","Mon",2022-08-29,"20:00","Cádiz",0,0.4,"Athletic Club",4,2.4,17029,"Estadio Nuevo Mirandilla","Miguel Ángel Ortiz Arias",NA,"https://fbref.com/en/matches/af336b4a/Cadiz-Athletic-Club-August-29-2022-La-Liga"
"230","La Liga","M","ESP",2023,NA,"3","Mon",2022-08-29,"22:00","Valencia",0,0.5,"Atlético Madrid",1,1.5,43910,"Estadio de Mestalla","Guillermo Cuadra",NA,"https://fbref.com/en/matches/da3b5ed5/Valencia-Atletico-Madrid-August-29-2022-La-Liga"
"231","La Liga","M","ESP",2023,NA,"30","Fri",2023-04-21,"21:00","Espanyol",0,1.3,"Cádiz",0,1.4,28512,"RCDE Stadium","Juan Martínez",NA,"https://fbref.com/en/matches/e9486908/Espanyol-Cadiz-April-21-2023-La-Liga"
"232","La Liga","M","ESP",2023,NA,"30","Sat",2023-04-22,"14:00","Osasuna",3,1.5,"Betis",2,2,19723,"Estadio El Sadar","Hsu Jason",NA,"https://fbref.com/en/matches/184db424/Osasuna-Real-Betis-April-22-2023-La-Liga"
"233","La Liga","M","ESP",2023,NA,"30","Sat",2023-04-22,"16:15","Almería",1,0.8,"Athletic Club",2,1.7,13271,"Power Horse Stadium","Valentín Pizarro",NA,"https://fbref.com/en/matches/d2c509a2/Almeria-Athletic-Club-April-22-2023-La-Liga"
"234","La Liga","M","ESP",2023,NA,"30","Sat",2023-04-22,"18:30","Valladolid",1,1.1,"Girona",0,1,21033,"Estadio Municipal José Zorrilla","Mario Melero",NA,"https://fbref.com/en/matches/2325006c/Valladolid-Girona-April-22-2023-La-Liga"
"235","La Liga","M","ESP",2023,NA,"30","Sat",2023-04-22,"18:30","Real Sociedad",2,0.6,"Rayo Vallecano",1,0.5,32054,"Reale Arena","Alejandro Muñíz",NA,"https://fbref.com/en/matches/bed213b9/Real-Sociedad-Rayo-Vallecano-April-22-2023-La-Liga"
"236","La Liga","M","ESP",2023,NA,"30","Sat",2023-04-22,"21:00","Real Madrid",2,1.5,"Celta Vigo",0,0.9,60386,"Estadio Santiago Bernabéu","Antonio Matéu",NA,"https://fbref.com/en/matches/a33d24ff/Real-Madrid-Celta-Vigo-April-22-2023-La-Liga"
"237","La Liga","M","ESP",2023,NA,"30","Sun",2023-04-23,"14:00","Elche",0,0.6,"Valencia",2,1,22129,"Estadio Manuel Martínez Valero","Guillermo Cuadra",NA,"https://fbref.com/en/matches/3db205b4/Elche-Valencia-April-23-2023-La-Liga"
"238","La Liga","M","ESP",2023,NA,"30","Sun",2023-04-23,"16:15","Barcelona",1,1.8,"Atlético Madrid",0,1.3,80965,"Camp Nou","José Sánchez",NA,"https://fbref.com/en/matches/92aae030/Barcelona-Atletico-Madrid-April-23-2023-La-Liga"
"239","La Liga","M","ESP",2023,NA,"30","Sun",2023-04-23,"18:30","Mallorca",3,1.5,"Getafe",1,0.1,15687,"Iberostar Estadi","Pablo González",NA,"https://fbref.com/en/matches/a5ce019a/Mallorca-Getafe-April-23-2023-La-Liga"
"240","La Liga","M","ESP",2023,NA,"30","Sun",2023-04-23,"21:00","Sevilla",2,0.9,"Villarreal",1,2.2,29635,"Estadio Ramón Sánchez Pizjuán","Ricardo de Burgos",NA,"https://fbref.com/en/matches/6a46394b/Sevilla-Villarreal-April-23-2023-La-Liga"
"241","La Liga","M","ESP",2023,NA,"31","Tue",2023-04-25,"19:30","Girona",4,2.3,"Real Madrid",2,1.8,13306,"Estadi Municipal de Montilivi","Javier Villanueva",NA,"https://fbref.com/en/matches/1a5972e4/Girona-Real-Madrid-April-25-2023-La-Liga"
"242","La Liga","M","ESP",2023,NA,"31","Tue",2023-04-25,"19:30","Cádiz",0,1.4,"Osasuna",1,1,18008,"Estadio Nuevo Mirandilla","Carlos del Cerro",NA,"https://fbref.com/en/matches/514a45ae/Cadiz-Osasuna-April-25-2023-La-Liga"
"243","La Liga","M","ESP",2023,NA,"31","Tue",2023-04-25,"22:00","Betis",0,1,"Real Sociedad",0,0.9,42294,"Estadio Benito Villamarín","Juan Martínez",NA,"https://fbref.com/en/matches/e2412303/Real-Betis-Real-Sociedad-April-25-2023-La-Liga"
"244","La Liga","M","ESP",2023,NA,"31","Wed",2023-04-26,"19:30","Getafe",1,1.6,"Almería",2,1.9,10260,"Coliseum Alfonso Pérez","Hsu Jason",NA,"https://fbref.com/en/matches/f5d9346d/Getafe-Almeria-April-26-2023-La-Liga"
"245","La Liga","M","ESP",2023,NA,"31","Wed",2023-04-26,"19:30","Atlético Madrid",3,2.7,"Mallorca",1,0.9,58523,"Estadio Cívitas Metropolitano","Juan Pulido",NA,"https://fbref.com/en/matches/f62862aa/Atletico-Madrid-Mallorca-April-26-2023-La-Liga"
"246","La Liga","M","ESP",2023,NA,"31","Wed",2023-04-26,"22:00","Rayo Vallecano",2,0.7,"Barcelona",1,0.9,13657,"Estadio del Rayo Vallecano","Jesús Gil",NA,"https://fbref.com/en/matches/06840a85/Rayo-Vallecano-Barcelona-April-26-2023-La-Liga"
"247","La Liga","M","ESP",2023,NA,"31","Wed",2023-04-26,"22:00","Celta Vigo",1,1.3,"Elche",0,1.1,11649,"Estadio de Balaídos","Isidro Díaz de Mera",NA,"https://fbref.com/en/matches/e5cc8927/Celta-Vigo-Elche-April-26-2023-La-Liga"
"248","La Liga","M","ESP",2023,NA,"31","Thu",2023-04-27,"19:30","Valencia",2,0.9,"Valladolid",1,0.9,42023,"Estadio de Mestalla","José Luis Munuera",NA,"https://fbref.com/en/matches/2c36118e/Valencia-Valladolid-April-27-2023-La-Liga"
"249","La Liga","M","ESP",2023,NA,"31","Thu",2023-04-27,"19:30","Villarreal",4,3.7,"Espanyol",2,0.9,16134,"Estadio de la Cerámica","César Soto",NA,"https://fbref.com/en/matches/e7bde085/Villarreal-Espanyol-April-27-2023-La-Liga"
"250","La Liga","M","ESP",2023,NA,"31","Thu",2023-04-27,"22:00","Athletic Club",0,0.3,"Sevilla",1,1,42716,"San Mamés","Alejandro Hernández",NA,"https://fbref.com/en/matches/ab718d01/Athletic-Club-Sevilla-April-27-2023-La-Liga"
"251","La Liga","M","ESP",2023,NA,"32","Fri",2023-04-28,"21:00","Osasuna",0,1.4,"Real Sociedad",2,1.4,21570,"Estadio El Sadar","Valentín Pizarro",NA,"https://fbref.com/en/matches/338e2ca8/Osasuna-Real-Sociedad-April-28-2023-La-Liga"
"252","La Liga","M","ESP",2023,NA,"32","Sat",2023-04-29,"16:15","Elche",4,2.8,"Rayo Vallecano",0,0.8,11259,"Estadio Manuel Martínez Valero","Mario Melero",NA,"https://fbref.com/en/matches/f24fba48/Elche-Rayo-Vallecano-April-29-2023-La-Liga"
"253","La Liga","M","ESP",2023,NA,"32","Sat",2023-04-29,"18:30","Real Madrid",4,2.8,"Almería",2,1.3,58036,"Estadio Santiago Bernabéu","Guillermo Cuadra",NA,"https://fbref.com/en/matches/10736d32/Real-Madrid-Almeria-April-29-2023-La-Liga"
"254","La Liga","M","ESP",2023,NA,"32","Sat",2023-04-29,"21:00","Barcelona",4,3,"Betis",0,0.2,88530,"Camp Nou","Carlos del Cerro",NA,"https://fbref.com/en/matches/3da68242/Barcelona-Real-Betis-April-29-2023-La-Liga"
"255","La Liga","M","ESP",2023,NA,"32","Sun",2023-04-30,"14:00","Cádiz",2,1.8,"Valencia",1,1.3,18650,"Estadio Nuevo Mirandilla","Ricardo de Burgos",NA,"https://fbref.com/en/matches/4d7b545b/Cadiz-Valencia-April-30-2023-La-Liga"
"256","La Liga","M","ESP",2023,NA,"32","Sun",2023-04-30,"16:15","Villarreal",3,2.4,"Celta Vigo",1,0.9,16123,"Estadio de la Cerámica","Pablo González",NA,"https://fbref.com/en/matches/cb41f210/Villarreal-Celta-Vigo-April-30-2023-La-Liga"
"257","La Liga","M","ESP",2023,NA,"32","Sun",2023-04-30,"18:30","Espanyol",1,2.4,"Getafe",0,0.5,26953,"RCDE Stadium","José Sánchez",NA,"https://fbref.com/en/matches/6f312540/Espanyol-Getafe-April-30-2023-La-Liga"
"258","La Liga","M","ESP",2023,NA,"32","Sun",2023-04-30,"21:00","Valladolid",2,1.8,"Atlético Madrid",5,2,23321,"Estadio Municipal José Zorrilla","Antonio Matéu",NA,"https://fbref.com/en/matches/a3190587/Valladolid-Atletico-Madrid-April-30-2023-La-Liga"
"259","La Liga","M","ESP",2023,NA,"32","Mon",2023-05-01,"19:00","Mallorca",1,0.9,"Athletic Club",1,1.7,16807,"Iberostar Estadi","Jorge Figueroa",NA,"https://fbref.com/en/matches/3fd34920/Mallorca-Athletic-Club-May-1-2023-La-Liga"
"260","La Liga","M","ESP",2023,NA,"32","Mon",2023-05-01,"21:00","Sevilla",0,2.2,"Girona",2,0.8,35560,"Estadio Ramón Sánchez Pizjuán","Alejandro Muñíz",NA,"https://fbref.com/en/matches/fb47fe18/Sevilla-Girona-May-1-2023-La-Liga"
"261","La Liga","M","ESP",2023,NA,"33","Tue",2023-05-02,"19:30","Almería",2,1.7,"Elche",1,1,13352,"Power Horse Stadium","Alejandro Hernández",NA,"https://fbref.com/en/matches/249029a4/Almeria-Elche-May-2-2023-La-Liga"
"262","La Liga","M","ESP",2023,NA,"33","Tue",2023-05-02,"19:30","Barcelona",1,2.8,"Osasuna",0,0.4,76061,"Camp Nou","Javier Villanueva",NA,"https://fbref.com/en/matches/8bf7a09f/Barcelona-Osasuna-May-2-2023-La-Liga"
"263","La Liga","M","ESP",2023,NA,"33","Tue",2023-05-02,"22:00","Real Sociedad",2,1.9,"Real Madrid",0,0.8,35314,"Reale Arena","Juan Pulido",NA,"https://fbref.com/en/matches/0850e242/Real-Sociedad-Real-Madrid-May-2-2023-La-Liga"
"264","La Liga","M","ESP",2023,NA,"33","Wed",2023-05-03,"19:30","Valencia",1,1.2,"Villarreal",1,0.7,43634,"Estadio de Mestalla","Jesús Gil",NA,"https://fbref.com/en/matches/1d0024c6/Valencia-Villarreal-May-3-2023-La-Liga"
"265","La Liga","M","ESP",2023,NA,"33","Wed",2023-05-03,"22:00","Getafe",1,2.7,"Celta Vigo",0,0.3,11022,"Coliseum Alfonso Pérez","Guillermo Cuadra",NA,"https://fbref.com/en/matches/03893917/Getafe-Celta-Vigo-May-3-2023-La-Liga"
"266","La Liga","M","ESP",2023,NA,"33","Wed",2023-05-03,"22:00","Atlético Madrid",5,3,"Cádiz",1,0,42023,"Estadio Cívitas Metropolitano","César Soto",NA,"https://fbref.com/en/matches/cddeb6bb/Atletico-Madrid-Cadiz-May-3-2023-La-Liga"
"267","La Liga","M","ESP",2023,NA,"33","Thu",2023-05-04,"19:30","Girona",2,1.7,"Mallorca",1,1.4,11767,"Estadi Municipal de Montilivi","Juan Martínez",NA,"https://fbref.com/en/matches/37d55da6/Girona-Mallorca-May-4-2023-La-Liga"
"268","La Liga","M","ESP",2023,NA,"33","Thu",2023-05-04,"19:30","Sevilla",3,2.6,"Espanyol",2,1,35391,"Estadio Ramón Sánchez Pizjuán","Hsu Jason",NA,"https://fbref.com/en/matches/87136a5b/Sevilla-Espanyol-May-4-2023-La-Liga"
"269","La Liga","M","ESP",2023,NA,"33","Thu",2023-05-04,"22:00","Rayo Vallecano",2,1.4,"Valladolid",1,0.6,11171,"Estadio del Rayo Vallecano","Isidro Díaz de Mera",NA,"https://fbref.com/en/matches/7cc3bea8/Rayo-Vallecano-Valladolid-May-4-2023-La-Liga"
"270","La Liga","M","ESP",2023,NA,"33","Thu",2023-05-04,"22:00","Athletic Club",0,1.6,"Betis",1,1.2,43116,"San Mamés","Miguel Ángel Ortiz Arias",NA,"https://fbref.com/en/matches/9943b036/Athletic-Club-Real-Betis-May-4-2023-La-Liga"
"271","La Liga","M","ESP",2023,NA,"34","Fri",2023-05-12,"21:00","Mallorca",1,1.2,"Cádiz",0,0.7,15377,"Iberostar Estadi","José Sánchez",NA,"https://fbref.com/en/matches/b8d72170/Mallorca-Cadiz-May-12-2023-La-Liga"
"272","La Liga","M","ESP",2023,NA,"34","Sat",2023-05-13,"14:00","Real Sociedad",2,2.7,"Girona",2,1.2,30027,"Reale Arena","Jorge Figueroa",NA,"https://fbref.com/en/matches/012ba4f0/Real-Sociedad-Girona-May-13-2023-La-Liga"
"273","La Liga","M","ESP",2023,NA,"34","Sat",2023-05-13,"16:15","Osasuna",3,1.9,"Almería",1,0.5,19747,"Estadio El Sadar","Antonio Matéu",NA,"https://fbref.com/en/matches/6f46c31d/Osasuna-Almeria-May-13-2023-La-Liga"
"274","La Liga","M","ESP",2023,NA,"34","Sat",2023-05-13,"18:30","Villarreal",5,3.2,"Athletic Club",1,3.1,16871,"Estadio de la Cerámica","Carlos del Cerro",NA,"https://fbref.com/en/matches/5eba4386/Villarreal-Athletic-Club-May-13-2023-La-Liga"
"275","La Liga","M","ESP",2023,NA,"34","Sat",2023-05-13,"21:00","Real Madrid",1,0.9,"Getafe",0,0.7,52201,"Estadio Santiago Bernabéu","Juan Martínez",NA,"https://fbref.com/en/matches/df985b56/Real-Madrid-Getafe-May-13-2023-La-Liga"
"276","La Liga","M","ESP",2023,NA,"34","Sun",2023-05-14,"14:00","Celta Vigo",1,0.7,"Valencia",2,1.2,14517,"Estadio de Balaídos","César Soto",NA,"https://fbref.com/en/matches/0ed472a5/Celta-Vigo-Valencia-May-14-2023-La-Liga"
"277","La Liga","M","ESP",2023,NA,"34","Sun",2023-05-14,"16:15","Elche",1,1.4,"Atlético Madrid",0,1.5,22174,"Estadio Manuel Martínez Valero","Alejandro Muñíz",NA,"https://fbref.com/en/matches/cf8461b9/Elche-Atletico-Madrid-May-14-2023-La-Liga"
"278","La Liga","M","ESP",2023,NA,"34","Sun",2023-05-14,"18:30","Valladolid",0,2,"Sevilla",3,2.5,21580,"Estadio Municipal José Zorrilla","Miguel Ángel Ortiz Arias",NA,"https://fbref.com/en/matches/7564c64e/Valladolid-Sevilla-May-14-2023-La-Liga"
"279","La Liga","M","ESP",2023,NA,"34","Sun",2023-05-14,"21:00","Espanyol",2,2.7,"Barcelona",4,3.1,27360,"RCDE Stadium","Ricardo de Burgos",NA,"https://fbref.com/en/matches/1c37a941/Espanyol-Barcelona-May-14-2023-La-Liga"
"280","La Liga","M","ESP",2023,NA,"34","Mon",2023-05-15,"21:00","Betis",3,1.5,"Rayo Vallecano",1,1.3,48143,"Estadio Benito Villamarín","Juan Pulido",NA,"https://fbref.com/en/matches/954c93c1/Real-Betis-Rayo-Vallecano-May-15-2023-La-Liga"
"281","La Liga","M","ESP",2023,NA,"35","Fri",2023-05-19,"21:00","Cádiz",2,2.2,"Valladolid",0,0.7,18938,"Estadio Nuevo Mirandilla","Juan Martínez",NA,"https://fbref.com/en/matches/60cdc671/Cadiz-Valladolid-May-19-2023-La-Liga"
"282","La Liga","M","ESP",2023,NA,"35","Sat",2023-05-20,"14:00","Girona",1,1.2,"Villarreal",2,1.9,11649,"Estadi Municipal de Montilivi","Valentín Pizarro",NA,"https://fbref.com/en/matches/1778d9c6/Girona-Villarreal-May-20-2023-La-Liga"
"283","La Liga","M","ESP",2023,NA,"35","Sat",2023-05-20,"16:15","Athletic Club",2,1,"Celta Vigo",1,0.5,40759,"San Mamés","Mario Melero",NA,"https://fbref.com/en/matches/796943ab/Athletic-Club-Celta-Vigo-May-20-2023-La-Liga"
"284","La Liga","M","ESP",2023,NA,"35","Sat",2023-05-20,"18:30","Getafe",1,1.5,"Elche",1,1.1,13927,"Coliseum Alfonso Pérez","Javier Villanueva",NA,"https://fbref.com/en/matches/007c5123/Getafe-Elche-May-20-2023-La-Liga"
"285","La Liga","M","ESP",2023,NA,"35","Sat",2023-05-20,"18:30","Almería",3,1.8,"Mallorca",0,0.8,12791,"Power Horse Stadium","Carlos del Cerro",NA,"https://fbref.com/en/matches/e4f7474b/Almeria-Mallorca-May-20-2023-La-Liga"
"286","La Liga","M","ESP",2023,NA,"35","Sat",2023-05-20,"21:00","Barcelona",1,1.5,"Real Sociedad",2,2,88049,"Camp Nou","Hsu Jason",NA,"https://fbref.com/en/matches/e0ef2dea/Barcelona-Real-Sociedad-May-20-2023-La-Liga"
"287","La Liga","M","ESP",2023,NA,"35","Sun",2023-05-21,"14:00","Rayo Vallecano",1,2,"Espanyol",2,1.6,12142,"Estadio del Rayo Vallecano","Alejandro Hernández",NA,"https://fbref.com/en/matches/4bfe0504/Rayo-Vallecano-Espanyol-May-21-2023-La-Liga"
"288","La Liga","M","ESP",2023,NA,"35","Sun",2023-05-21,"16:15","Atlético Madrid",3,1.9,"Osasuna",0,0.8,57012,"Estadio Cívitas Metropolitano","Pablo González",NA,"https://fbref.com/en/matches/62d82c5a/Atletico-Madrid-Osasuna-May-21-2023-La-Liga"
"289","La Liga","M","ESP",2023,NA,"35","Sun",2023-05-21,"18:30","Valencia",1,1,"Real Madrid",0,1.4,46002,"Estadio de Mestalla","Ricardo de Burgos",NA,"https://fbref.com/en/matches/37eaac0c/Valencia-Real-Madrid-May-21-2023-La-Liga"
"290","La Liga","M","ESP",2023,NA,"35","Sun",2023-05-21,"21:00","Sevilla",0,1.1,"Betis",0,0.1,41392,"Estadio Ramón Sánchez Pizjuán","Jesús Gil",NA,"https://fbref.com/en/matches/f2034421/Sevilla-Real-Betis-May-21-2023-La-Liga"
"291","La Liga","M","ESP",2023,NA,"36","Tue",2023-05-23,"19:30","Celta Vigo",1,1.2,"Girona",1,1.2,14117,"Estadio de Balaídos","Antonio Matéu",NA,"https://fbref.com/en/matches/91e21da1/Celta-Vigo-Girona-May-23-2023-La-Liga"
"292","La Liga","M","ESP",2023,NA,"36","Tue",2023-05-23,"19:30","Real Sociedad",1,1.9,"Almería",0,0.1,31574,"Reale Arena","Pablo González",NA,"https://fbref.com/en/matches/a846550e/Real-Sociedad-Almeria-May-23-2023-La-Liga"
"293","La Liga","M","ESP",2023,NA,"36","Tue",2023-05-23,"22:00","Valladolid",3,2.3,"Barcelona",1,1.7,22341,"Estadio Municipal José Zorrilla","César Soto",NA,"https://fbref.com/en/matches/d3913703/Valladolid-Barcelona-May-23-2023-La-Liga"
"294","La Liga","M","ESP",2023,NA,"36","Wed",2023-05-24,"19:30","Elche",1,1.5,"Sevilla",1,0.7,13263,"Estadio Manuel Martínez Valero","Isidro Díaz de Mera",NA,"https://fbref.com/en/matches/b5585ff8/Elche-Sevilla-May-24-2023-La-Liga"
"295","La Liga","M","ESP",2023,NA,"36","Wed",2023-05-24,"19:30","Real Madrid",2,1.3,"Rayo Vallecano",1,0.7,45811,"Estadio Santiago Bernabéu","Jesús Gil",NA,"https://fbref.com/en/matches/f4bca33a/Real-Madrid-Rayo-Vallecano-May-24-2023-La-Liga"
"296","La Liga","M","ESP",2023,NA,"36","Wed",2023-05-24,"19:30","Villarreal",2,2.4,"Cádiz",0,1.7,15099,"Estadio de la Cerámica","Juan Pulido",NA,"https://fbref.com/en/matches/fde185f9/Villarreal-Cadiz-May-24-2023-La-Liga"
"297","La Liga","M","ESP",2023,NA,"36","Wed",2023-05-24,"22:00","Espanyol",3,3,"Atlético Madrid",3,2.3,25822,"RCDE Stadium","Mario Melero",NA,"https://fbref.com/en/matches/5391ec20/Espanyol-Atletico-Madrid-May-24-2023-La-Liga"
"298","La Liga","M","ESP",2023,NA,"36","Wed",2023-05-24,"22:00","Betis",0,1.2,"Getafe",1,0.5,40289,"Estadio Benito Villamarín","Ricardo de Burgos",NA,"https://fbref.com/en/matches/84529801/Real-Betis-Getafe-May-24-2023-La-Liga"
"299","La Liga","M","ESP",2023,NA,"36","Thu",2023-05-25,"19:30","Mallorca",1,0.5,"Valencia",0,1.9,14631,"Iberostar Estadi","Alejandro Hernández",NA,"https://fbref.com/en/matches/c399c435/Mallorca-Valencia-May-25-2023-La-Liga"
"300","La Liga","M","ESP",2023,NA,"36","Thu",2023-05-25,"21:30","Osasuna",2,0.8,"Athletic Club",0,0.8,19830,"Estadio El Sadar","Alejandro Muñíz",NA,"https://fbref.com/en/matches/fd3ed02d/Osasuna-Athletic-Club-May-25-2023-La-Liga"
"301","La Liga","M","ESP",2023,NA,"37","Sat",2023-05-27,"19:00","Sevilla",1,1.2,"Real Madrid",2,0.8,29856,"Estadio Ramón Sánchez Pizjuán","César Soto",NA,"https://fbref.com/en/matches/e7ddd0e2/Sevilla-Real-Madrid-May-27-2023-La-Liga"
"302","La Liga","M","ESP",2023,NA,"37","Sun",2023-05-28,"19:00","Valencia",2,2.6,"Espanyol",2,1.2,44141,"Estadio de Mestalla","Jesús Gil",NA,"https://fbref.com/en/matches/0e195cca/Valencia-Espanyol-May-28-2023-La-Liga"
"303","La Liga","M","ESP",2023,NA,"37","Sun",2023-05-28,"19:00","Athletic Club",0,2.4,"Elche",1,0.9,37807,"San Mamés","Valentín Pizarro",NA,"https://fbref.com/en/matches/11953e99/Athletic-Club-Elche-May-28-2023-La-Liga"
"304","La Liga","M","ESP",2023,NA,"37","Sun",2023-05-28,"19:00","Girona",1,1,"Betis",2,2.5,12833,"Estadi Municipal de Montilivi","Isidro Díaz de Mera",NA,"https://fbref.com/en/matches/36fa46ed/Girona-Real-Betis-May-28-2023-La-Liga"
"305","La Liga","M","ESP",2023,NA,"37","Sun",2023-05-28,"19:00","Rayo Vallecano",2,1.4,"Villarreal",1,0.4,11085,"Estadio del Rayo Vallecano","Javier Villanueva",NA,"https://fbref.com/en/matches/5272c289/Rayo-Vallecano-Villarreal-May-28-2023-La-Liga"
"306","La Liga","M","ESP",2023,NA,"37","Sun",2023-05-28,"19:00","Almería",0,1.7,"Valladolid",0,0.5,14608,"Power Horse Stadium","Hsu Jason",NA,"https://fbref.com/en/matches/58fd6a94/Almeria-Valladolid-May-28-2023-La-Liga"
"307","La Liga","M","ESP",2023,NA,"37","Sun",2023-05-28,"19:00","Atlético Madrid",2,0.7,"Real Sociedad",1,1.2,56169,"Estadio Cívitas Metropolitano","Juan Pulido",NA,"https://fbref.com/en/matches/b3373b5a/Atletico-Madrid-Real-Sociedad-May-28-2023-La-Liga"
"308","La Liga","M","ESP",2023,NA,"37","Sun",2023-05-28,"19:00","Cádiz",1,1.7,"Celta Vigo",0,0.6,19725,"Estadio Nuevo Mirandilla","Ricardo de Burgos",NA,"https://fbref.com/en/matches/b99f8e19/Cadiz-Celta-Vigo-May-28-2023-La-Liga"
"309","La Liga","M","ESP",2023,NA,"37","Sun",2023-05-28,"19:00","Barcelona",3,3.6,"Mallorca",0,0.1,88775,"Camp Nou","Jorge Figueroa",NA,"https://fbref.com/en/matches/bfedb115/Barcelona-Mallorca-May-28-2023-La-Liga"
"310","La Liga","M","ESP",2023,NA,"37","Sun",2023-05-28,"19:00","Getafe",2,2.5,"Osasuna",1,0.5,13510,"Coliseum Alfonso Pérez","Antonio Matéu",NA,"https://fbref.com/en/matches/dd7431ec/Getafe-Osasuna-May-28-2023-La-Liga"
"311","La Liga","M","ESP",2023,NA,"38","Sun",2023-06-04,"18:30","Villarreal",2,1.6,"Atlético Madrid",2,1.8,18226,"Estadio de la Cerámica","Ricardo de Burgos",NA,"https://fbref.com/en/matches/53846e71/Villarreal-Atletico-Madrid-June-4-2023-La-Liga"
"312","La Liga","M","ESP",2023,NA,"38","Sun",2023-06-04,"18:30","Real Sociedad",2,1.8,"Sevilla",1,0.4,35065,"Reale Arena","Carlos del Cerro",NA,"https://fbref.com/en/matches/77a93c43/Real-Sociedad-Sevilla-June-4-2023-La-Liga"
"313","La Liga","M","ESP",2023,NA,"38","Sun",2023-06-04,"18:30","Real Madrid",1,1.8,"Athletic Club",1,2.3,60781,"Estadio Santiago Bernabéu","Isidro Díaz de Mera",NA,"https://fbref.com/en/matches/ce677ae3/Real-Madrid-Athletic-Club-June-4-2023-La-Liga"
"314","La Liga","M","ESP",2023,NA,"38","Sun",2023-06-04,"18:30","Osasuna",2,1.8,"Girona",1,0.9,22128,"Estadio El Sadar","Miguel Ángel Ortiz Arias",NA,"https://fbref.com/en/matches/d7c28578/Osasuna-Girona-June-4-2023-La-Liga"
"315","La Liga","M","ESP",2023,NA,"38","Sun",2023-06-04,"18:30","Mallorca",3,2.2,"Rayo Vallecano",0,1.1,14521,"Iberostar Estadi","Antonio Matéu",NA,"https://fbref.com/en/matches/e8a7ea12/Mallorca-Rayo-Vallecano-June-4-2023-La-Liga"
"316","La Liga","M","ESP",2023,NA,"38","Sun",2023-06-04,"21:00","Valladolid",0,0.9,"Getafe",0,0.5,25517,"Estadio Municipal José Zorrilla","José Luis Munuera",NA,"https://fbref.com/en/matches/05060e6f/Valladolid-Getafe-June-4-2023-La-Liga"
"317","La Liga","M","ESP",2023,NA,"38","Sun",2023-06-04,"21:00","Betis",1,0.6,"Valencia",1,1.2,54087,"Estadio Benito Villamarín","Hsu Jason",NA,"https://fbref.com/en/matches/5f2fdd0a/Real-Betis-Valencia-June-4-2023-La-Liga"
"318","La Liga","M","ESP",2023,NA,"38","Sun",2023-06-04,"21:00","Elche",1,1.6,"Cádiz",1,2.5,16585,"Estadio Manuel Martínez Valero","Jesús Gil",NA,"https://fbref.com/en/matches/7b8f18a1/Elche-Cadiz-June-4-2023-La-Liga"
"319","La Liga","M","ESP",2023,NA,"38","Sun",2023-06-04,"21:00","Celta Vigo",2,0.7,"Barcelona",1,1.2,23365,"Estadio de Balaídos","Juan Pulido",NA,"https://fbref.com/en/matches/93e7ec48/Celta-Vigo-Barcelona-June-4-2023-La-Liga"
"320","La Liga","M","ESP",2023,NA,"38","Sun",2023-06-04,"21:00","Espanyol",3,0.6,"Almería",3,1.8,14213,"RCDE Stadium","César Soto",NA,"https://fbref.com/en/matches/9a77cbfa/Espanyol-Almeria-June-4-2023-La-Liga"
"321","La Liga","M","ESP",2023,NA,"4","Fri",2022-09-02,"21:00","Celta Vigo",3,0.7,"Cádiz",0,0.3,14510,"Estadio de Balaídos","Juan Pulido",NA,"https://fbref.com/en/matches/66ac20bd/Celta-Vigo-Cadiz-September-2-2022-La-Liga"
"322","La Liga","M","ESP",2023,NA,"4","Sat",2022-09-03,"14:00","Mallorca",1,0.7,"Girona",1,1.2,13390,"Iberostar Estadi","Isidro Díaz de Mera",NA,"https://fbref.com/en/matches/5d51fa0c/Mallorca-Girona-September-3-2022-La-Liga"
"323","La Liga","M","ESP",2023,NA,"4","Sat",2022-09-03,"16:15","Real Madrid",2,2.9,"Betis",1,0.5,58579,"Estadio Santiago Bernabéu","José Sánchez",NA,"https://fbref.com/en/matches/7f84388c/Real-Madrid-Real-Betis-September-3-2022-La-Liga"
"324","La Liga","M","ESP",2023,NA,"4","Sat",2022-09-03,"18:30","Real Sociedad",1,1.4,"Atlético Madrid",1,1.1,35366,"Reale Arena","César Soto",NA,"https://fbref.com/en/matches/ccb89898/Real-Sociedad-Atletico-Madrid-September-3-2022-La-Liga"
"325","La Liga","M","ESP",2023,NA,"4","Sat",2022-09-03,"21:00","Sevilla",0,1,"Barcelona",3,4,40233,"Estadio Ramón Sánchez Pizjuán","Antonio Matéu Lahoz",NA,"https://fbref.com/en/matches/7952eab7/Sevilla-Barcelona-September-3-2022-La-Liga"
"326","La Liga","M","ESP",2023,NA,"4","Sun",2022-09-04,"14:00","Osasuna",2,2.4,"Rayo Vallecano",1,0.2,18745,"Estadio El Sadar","Alejandro Muñíz",NA,"https://fbref.com/en/matches/ef71bc61/Osasuna-Rayo-Vallecano-September-4-2022-La-Liga"
"327","La Liga","M","ESP",2023,NA,"4","Sun",2022-09-04,"16:15","Athletic Club",0,1.2,"Espanyol",1,0.6,41574,"San Mamés","Juan Martínez",NA,"https://fbref.com/en/matches/9c491e2b/Athletic-Club-Espanyol-September-4-2022-La-Liga"
"328","La Liga","M","ESP",2023,NA,"4","Sun",2022-09-04,"18:30","Villarreal",4,3.4,"Elche",0,0.6,13915,"Estadio Ciudad de Valencia","Miguel Ángel Ortiz Arias",NA,"https://fbref.com/en/matches/1c460149/Villarreal-Elche-September-4-2022-La-Liga"
"329","La Liga","M","ESP",2023,NA,"4","Sun",2022-09-04,"21:00","Valencia",5,2.3,"Getafe",1,0.2,38725,"Estadio de Mestalla","José Luis Munuera",NA,"https://fbref.com/en/matches/65797851/Valencia-Getafe-September-4-2022-La-Liga"
"330","La Liga","M","ESP",2023,NA,"4","Mon",2022-09-05,"21:00","Valladolid",1,1.2,"Almería",0,0.5,20260,"Estadio Municipal José Zorrilla","Pablo González",NA,"https://fbref.com/en/matches/33b0a63b/Valladolid-Almeria-September-5-2022-La-Liga"
"331","La Liga","M","ESP",2023,NA,"5","Fri",2022-09-09,"21:00","Girona",2,1.9,"Valladolid",1,0.5,10053,"Estadi Municipal de Montilivi","César Soto",NA,"https://fbref.com/en/matches/67a548bd/Girona-Valladolid-September-9-2022-La-Liga"
"332","La Liga","M","ESP",2023,NA,"5","Sat",2022-09-10,"14:00","Rayo Vallecano",2,1.7,"Valencia",1,1.7,12085,"Estadio del Rayo Vallecano","Jesús Gil",NA,"https://fbref.com/en/matches/c159b9d8/Rayo-Vallecano-Valencia-September-10-2022-La-Liga"
"333","La Liga","M","ESP",2023,NA,"5","Sat",2022-09-10,"16:15","Espanyol",2,2.5,"Sevilla",3,2,20135,"RCDE Stadium","Guillermo Cuadra",NA,"https://fbref.com/en/matches/2705dc41/Espanyol-Sevilla-September-10-2022-La-Liga"
"334","La Liga","M","ESP",2023,NA,"5","Sat",2022-09-10,"18:30","Cádiz",0,0.4,"Barcelona",4,3.4,19530,"Estadio Nuevo Mirandilla","Carlos del Cerro",NA,"https://fbref.com/en/matches/50a0b6b9/Cadiz-Barcelona-September-10-2022-La-Liga"
"335","La Liga","M","ESP",2023,NA,"5","Sat",2022-09-10,"21:00","Atlético Madrid",4,0.7,"Celta Vigo",1,1.7,52247,"Estadio Cívitas Metropolitano","Alejandro Hernández",NA,"https://fbref.com/en/matches/cc61d2ba/Atletico-Madrid-Celta-Vigo-September-10-2022-La-Liga"
"336","La Liga","M","ESP",2023,NA,"5","Sun",2022-09-11,"14:00","Real Madrid",4,2.3,"Mallorca",1,0.5,54816,"Estadio Santiago Bernabéu","Jorge Figueroa",NA,"https://fbref.com/en/matches/6cf98669/Real-Madrid-Mallorca-September-11-2022-La-Liga"
"337","La Liga","M","ESP",2023,NA,"5","Sun",2022-09-11,"16:15","Elche",1,0.9,"Athletic Club",4,2.7,24176,"Estadio Manuel Martínez Valero","Mario Melero",NA,"https://fbref.com/en/matches/ab2a8ab6/Elche-Athletic-Club-September-11-2022-La-Liga"
"338","La Liga","M","ESP",2023,NA,"5","Sun",2022-09-11,"18:30","Getafe",2,1.1,"Real Sociedad",1,1.2,11112,"Coliseum Alfonso Pérez","Juan Pulido",NA,"https://fbref.com/en/matches/3e47416b/Getafe-Real-Sociedad-September-11-2022-La-Liga"
"339","La Liga","M","ESP",2023,NA,"5","Sun",2022-09-11,"21:00","Betis",1,1.4,"Villarreal",0,1.7,53276,"Estadio Benito Villamarín","Ricardo de Burgos",NA,"https://fbref.com/en/matches/287c6564/Real-Betis-Villarreal-September-11-2022-La-Liga"
"340","La Liga","M","ESP",2023,NA,"5","Mon",2022-09-12,"21:00","Almería",0,0.2,"Osasuna",1,2,12397,"Power Horse Stadium","Javier Villanueva",NA,"https://fbref.com/en/matches/12e36761/Almeria-Osasuna-September-12-2022-La-Liga"
"341","La Liga","M","ESP",2023,NA,"6","Fri",2022-09-16,"21:00","Valladolid",0,1.5,"Cádiz",1,0.3,20295,"Estadio Municipal José Zorrilla","José Sánchez",NA,"https://fbref.com/en/matches/ec90c2fe/Valladolid-Cadiz-September-16-2022-La-Liga"
"342","La Liga","M","ESP",2023,NA,"6","Sat",2022-09-17,"14:00","Mallorca",1,0.6,"Almería",0,0.4,12687,"Iberostar Estadi","Juan Martínez",NA,"https://fbref.com/en/matches/8d5bc7c7/Mallorca-Almeria-September-17-2022-La-Liga"
"343","La Liga","M","ESP",2023,NA,"6","Sat",2022-09-17,"16:15","Barcelona",3,3.9,"Elche",0,0,85073,"Camp Nou","Alejandro Muñíz",NA,"https://fbref.com/en/matches/edcc3e7a/Barcelona-Elche-September-17-2022-La-Liga"
"344","La Liga","M","ESP",2023,NA,"6","Sat",2022-09-17,"18:30","Valencia",3,1.7,"Celta Vigo",0,0.5,40965,"Estadio de Mestalla","Pablo González",NA,"https://fbref.com/en/matches/5b51dc48/Valencia-Celta-Vigo-September-17-2022-La-Liga"
"345","La Liga","M","ESP",2023,NA,"6","Sat",2022-09-17,"21:00","Athletic Club",3,1.9,"Rayo Vallecano",2,0.7,43484,"San Mamés","Antonio Matéu Lahoz",NA,"https://fbref.com/en/matches/dd04c982/Athletic-Club-Rayo-Vallecano-September-17-2022-La-Liga"
"346","La Liga","M","ESP",2023,NA,"6","Sun",2022-09-18,"14:00","Osasuna",0,0.5,"Getafe",2,0.8,18255,"Estadio El Sadar","Isidro Díaz de Mera",NA,"https://fbref.com/en/matches/c6483087/Osasuna-Getafe-September-18-2022-La-Liga"
"347","La Liga","M","ESP",2023,NA,"6","Sun",2022-09-18,"16:15","Villarreal",1,1.5,"Sevilla",1,0.6,18292,"Estadio Ciudad de Valencia","Alejandro Hernández",NA,"https://fbref.com/en/matches/28815113/Villarreal-Sevilla-September-18-2022-La-Liga"
"348","La Liga","M","ESP",2023,NA,"6","Sun",2022-09-18,"18:30","Betis",2,1.6,"Girona",1,1.3,52229,"Estadio Benito Villamarín","Miguel Ángel Ortiz Arias",NA,"https://fbref.com/en/matches/cb6bce1d/Real-Betis-Girona-September-18-2022-La-Liga"
"349","La Liga","M","ESP",2023,NA,"6","Sun",2022-09-18,"18:30","Real Sociedad",2,1.9,"Espanyol",1,0.8,31511,"Reale Arena","Carlos del Cerro",NA,"https://fbref.com/en/matches/ee1f906d/Real-Sociedad-Espanyol-September-18-2022-La-Liga"
"350","La Liga","M","ESP",2023,NA,"6","Sun",2022-09-18,"21:00","Atlético Madrid",1,1,"Real Madrid",2,0.9,66881,"Estadio Cívitas Metropolitano","José Luis Munuera",NA,"https://fbref.com/en/matches/c554c5ac/El-Derbi-Madrileno-Atletico-Madrid-Real-Madrid-September-18-2022-La-Liga"
"351","La Liga","M","ESP",2023,NA,"7","Fri",2022-09-30,"21:00","Athletic Club",4,2.1,"Almería",0,0.7,42110,"San Mamés","Juan Pulido",NA,"https://fbref.com/en/matches/54d6b3fc/Athletic-Club-Almeria-September-30-2022-La-Liga"
"352","La Liga","M","ESP",2023,NA,"7","Sat",2022-10-01,"14:00","Cádiz",0,0.7,"Villarreal",0,1.6,15516,"Estadio Nuevo Mirandilla","Javier Villanueva",NA,"https://fbref.com/en/matches/c0d557e1/Cadiz-Villarreal-October-1-2022-La-Liga"
"353","La Liga","M","ESP",2023,NA,"7","Sat",2022-10-01,"16:15","Getafe",2,2.8,"Valladolid",3,1.6,10958,"Coliseum Alfonso Pérez","Alejandro Muñíz",NA,"https://fbref.com/en/matches/09f36184/Getafe-Valladolid-October-1-2022-La-Liga"
"354","La Liga","M","ESP",2023,NA,"7","Sat",2022-10-01,"18:30","Sevilla",0,0.5,"Atlético Madrid",2,2.2,37754,"Estadio Ramón Sánchez Pizjuán","Ricardo de Burgos",NA,"https://fbref.com/en/matches/069f9f40/Sevilla-Atletico-Madrid-October-1-2022-La-Liga"
"355","La Liga","M","ESP",2023,NA,"7","Sat",2022-10-01,"21:00","Mallorca",0,1.2,"Barcelona",1,0.7,18103,"Iberostar Estadi","Jesús Gil",NA,"https://fbref.com/en/matches/5e73ad1a/Mallorca-Barcelona-October-1-2022-La-Liga"
"356","La Liga","M","ESP",2023,NA,"7","Sun",2022-10-02,"14:00","Espanyol",2,0.8,"Valencia",2,1.1,19766,"RCDE Stadium","Valentín Pizarro",NA,"https://fbref.com/en/matches/841d1e2c/Espanyol-Valencia-October-2-2022-La-Liga"
"357","La Liga","M","ESP",2023,NA,"7","Sun",2022-10-02,"16:15","Celta Vigo",1,0.9,"Betis",0,0.9,14344,"Estadio de Balaídos","César Soto",NA,"https://fbref.com/en/matches/849eee87/Celta-Vigo-Real-Betis-October-2-2022-La-Liga"
"358","La Liga","M","ESP",2023,NA,"7","Sun",2022-10-02,"18:30","Girona",3,1,"Real Sociedad",5,2.1,12217,"Estadi Municipal de Montilivi","Mario Melero",NA,"https://fbref.com/en/matches/3b56db84/Girona-Real-Sociedad-October-2-2022-La-Liga"
"359","La Liga","M","ESP",2023,NA,"7","Sun",2022-10-02,"21:00","Real Madrid",1,2.5,"Osasuna",1,0.5,55410,"Estadio Santiago Bernabéu","Guillermo Cuadra",NA,"https://fbref.com/en/matches/0665a24f/Real-Madrid-Osasuna-October-2-2022-La-Liga"
"360","La Liga","M","ESP",2023,NA,"7","Mon",2022-10-03,"21:00","Rayo Vallecano",2,0.9,"Elche",1,1.1,11662,"Estadio del Rayo Vallecano","Jorge Figueroa",NA,"https://fbref.com/en/matches/7044faa9/Rayo-Vallecano-Elche-October-3-2022-La-Liga"
"361","La Liga","M","ESP",2023,NA,"8","Fri",2022-10-07,"21:00","Osasuna",1,1.6,"Valencia",2,2.1,20260,"Estadio El Sadar","Miguel Ángel Ortiz Arias",NA,"https://fbref.com/en/matches/ad03c9e1/Osasuna-Valencia-October-7-2022-La-Liga"
"362","La Liga","M","ESP",2023,NA,"8","Sat",2022-10-08,"14:00","Almería",3,1.2,"Rayo Vallecano",1,0.8,10783,"Power Horse Stadium","Pablo González",NA,"https://fbref.com/en/matches/5fd47c38/Almeria-Rayo-Vallecano-October-8-2022-La-Liga"
"363","La Liga","M","ESP",2023,NA,"8","Sat",2022-10-08,"16:15","Atlético Madrid",2,1.9,"Girona",1,0.8,54069,"Estadio Cívitas Metropolitano","Juan Martínez",NA,"https://fbref.com/en/matches/87353d2b/Atletico-Madrid-Girona-October-8-2022-La-Liga"
"364","La Liga","M","ESP",2023,NA,"8","Sat",2022-10-08,"18:30","Sevilla",1,1,"Athletic Club",1,1.7,36502,"Estadio Ramón Sánchez Pizjuán","Jesús Gil",NA,"https://fbref.com/en/matches/6558ecf4/Sevilla-Athletic-Club-October-8-2022-La-Liga"
"365","La Liga","M","ESP",2023,NA,"8","Sat",2022-10-08,"21:00","Getafe",0,0.3,"Real Madrid",1,1.4,14502,"Coliseum Alfonso Pérez","Antonio Matéu Lahoz",NA,"https://fbref.com/en/matches/3e3f4235/Getafe-Real-Madrid-October-8-2022-La-Liga"
"366","La Liga","M","ESP",2023,NA,"8","Sun",2022-10-09,"14:00","Valladolid",0,0.6,"Betis",0,0.5,22561,"Estadio Municipal José Zorrilla","Carlos del Cerro",NA,"https://fbref.com/en/matches/49ec6969/Valladolid-Real-Betis-October-9-2022-La-Liga"
"367","La Liga","M","ESP",2023,NA,"8","Sun",2022-10-09,"16:15","Cádiz",2,1.3,"Espanyol",2,1.3,16572,"Estadio Nuevo Mirandilla","Alejandro Hernández",NA,"https://fbref.com/en/matches/77173e8b/Cadiz-Espanyol-October-9-2022-La-Liga"
"368","La Liga","M","ESP",2023,NA,"8","Sun",2022-10-09,"18:30","Real Sociedad",1,1.2,"Villarreal",0,0.2,32689,"Reale Arena","César Soto",NA,"https://fbref.com/en/matches/058c86cf/Real-Sociedad-Villarreal-October-9-2022-La-Liga"
"369","La Liga","M","ESP",2023,NA,"8","Sun",2022-10-09,"21:00","Barcelona",1,2,"Celta Vigo",0,1.5,81525,"Camp Nou","José Luis Munuera",NA,"https://fbref.com/en/matches/a32c09d3/Barcelona-Celta-Vigo-October-9-2022-La-Liga"
"370","La Liga","M","ESP",2023,NA,"8","Mon",2022-10-10,"21:00","Elche",1,0.5,"Mallorca",1,2.3,12000,"Estadio Manuel Martínez Valero","Valentín Pizarro",NA,"https://fbref.com/en/matches/d3056cab/Elche-Mallorca-October-10-2022-La-Liga"
"371","La Liga","M","ESP",2023,NA,"9","Fri",2022-10-14,"21:00","Rayo Vallecano",0,1.6,"Getafe",0,0.4,13076,"Estadio del Rayo Vallecano","Mario Melero",NA,"https://fbref.com/en/matches/64f3e100/Rayo-Vallecano-Getafe-October-14-2022-La-Liga"
"372","La Liga","M","ESP",2023,NA,"9","Sat",2022-10-15,"14:00","Girona",1,2.3,"Cádiz",1,1.1,9927,"Estadi Municipal de Montilivi","Ricardo de Burgos",NA,"https://fbref.com/en/matches/85293f4f/Girona-Cadiz-October-15-2022-La-Liga"
"373","La Liga","M","ESP",2023,NA,"9","Sat",2022-10-15,"16:15","Valencia",2,2.7,"Elche",2,1.7,41805,"Estadio de Mestalla","Juan Pulido",NA,"https://fbref.com/en/matches/7493a41f/Valencia-Elche-October-15-2022-La-Liga"
"374","La Liga","M","ESP",2023,NA,"9","Sat",2022-10-15,"18:30","Mallorca",0,0.7,"Sevilla",1,0.2,15300,"Iberostar Estadi","Javier Villanueva",NA,"https://fbref.com/en/matches/1019503c/Mallorca-Sevilla-October-15-2022-La-Liga"
"375","La Liga","M","ESP",2023,NA,"9","Sat",2022-10-15,"21:00","Athletic Club",0,1.2,"Atlético Madrid",1,0.3,48391,"San Mamés","Jorge Figueroa",NA,"https://fbref.com/en/matches/ca6228b4/Athletic-Club-Atletico-Madrid-October-15-2022-La-Liga"
"376","La Liga","M","ESP",2023,NA,"9","Sun",2022-10-16,"14:00","Celta Vigo",1,0.5,"Real Sociedad",2,0.8,13101,"Estadio de Balaídos","Guillermo Cuadra",NA,"https://fbref.com/en/matches/7b270235/Celta-Vigo-Real-Sociedad-October-16-2022-La-Liga"
"377","La Liga","M","ESP",2023,NA,"9","Sun",2022-10-16,"16:15","Real Madrid",3,1.1,"Barcelona",1,2,62876,"Estadio Santiago Bernabéu","José Sánchez",NA,"https://fbref.com/en/matches/c1875f22/El-Clasico-Real-Madrid-Barcelona-October-16-2022-La-Liga"
"378","La Liga","M","ESP",2023,NA,"9","Sun",2022-10-16,"18:30","Espanyol",1,1.3,"Valladolid",0,0.7,17770,"RCDE Stadium","Antonio Matéu Lahoz",NA,"https://fbref.com/en/matches/3f1977ac/Espanyol-Valladolid-October-16-2022-La-Liga"
"379","La Liga","M","ESP",2023,NA,"9","Sun",2022-10-16,"21:00","Betis",3,2.5,"Almería",1,0.8,46112,"Estadio Benito Villamarín","Alejandro Muñíz",NA,"https://fbref.com/en/matches/6510e441/Real-Betis-Almeria-October-16-2022-La-Liga"
"380","La Liga","M","ESP",2023,NA,"9","Mon",2022-10-17,"21:00","Villarreal",2,1.5,"Osasuna",0,0.5,9699,"Estadio Ciudad de Valencia","Pablo González",NA,"https://fbref.com/en/matches/4760076d/Villarreal-Osasuna-October-17-2022-La-Liga"
